"logicalRoot","relativePath","filename","extension","byteSize","sizeMB","modifiedAt","gitTracked","gitIgnored","ignoreRule","sha256Status","sha256"
"GRIDLY_SOURCE_DATA_REPO","National-Address-Database/extracted/NAD_r23.gdb/a0000000b.gdbtable","a0000000b.gdbtable",".gdbtable","34158923037","32576.488","2026-07-01T01:50:52.0000000Z","False","False",,"NOT_CALCULATED",
"GRIDLY_SOURCE_DATA_REPO","National-Address-Database/NAD_r23.zip","NAD_r23.zip",".zip","9733944292","9283.013","2026-07-29T22:38:39.6783092Z","False","False",,"CALCULATED","611dc018fc110f2069a7bfa086559689c1d85ba18818d6efbc2281e34999b4c1"
"GRIDLY_SOURCE_DATA_REPO","Texas-Address-Points/Raw/Texas-2026.gdb/a0000000b.gdbtable","a0000000b.gdbtable",".gdbtable","1507363786","1437.534","2026-07-30T21:33:06.5696670Z","False","False",,"NOT_CALCULATED",
"GRIDLY_SOURCE_DATA_REPO","National-Address-Database/extracted/NAD_r23.gdb/a0000000b.spx","a0000000b.spx",".spx","1183248406","1128.434","2026-07-01T01:50:52.0000000Z","False","False",,"NOT_CALCULATED",
"GRIDLY_SOURCE_DATA_REPO","OpenStreetMap/Regional/texas-260625.osm.pbf","texas-260625.osm.pbf",".pbf","707715853","674.93","2026-06-26T14:29:23.0444337Z","False","False",,"CALCULATED","1d80efe1b19b075d036363d722366870df3efb7fbd4a45dc9f16797868ff4413"
"GRIDLY_SOURCE_DATA_REPO","National-Address-Database/extracted/NAD_r23.gdb/a0000000b.gdbtablx","a0000000b.gdbtablx",".gdbtablx","489663776","466.98","2026-07-01T01:50:38.0000000Z","False","False",,"NOT_CALCULATED",
"GRIDLY_SOURCE_DATA_REPO","OpenStreetMap/Community-Packages/harris-roads-raw.geojson","harris-roads-raw.geojson",".geojson","183680032","175.171","2026-06-26T22:44:53.5878824Z","False","False",,"CALCULATED","c729a0ec205c07922eb971ba15960df8f9b54e5a2765fd62b87428df5262579c"
"GRIDLY_SOURCE_DATA_REPO","Texas-Address-Points/Raw/Texas-2026.gdb/a0000000b.spx","a0000000b.spx",".spx","146722838","139.926","2026-07-30T21:33:07.8794906Z","False","False",,"NOT_CALCULATED",
"GRIDLY_SOURCE_DATA_REPO","Census/tl_2025_us_county/tl_2025_us_county.shp","tl_2025_us_county.shp",".shp","132270192","126.143","2026-06-26T16:36:03.0129450Z","False","False",,"CALCULATED","d2add252ccd38f1c46efaba677efe0d20cdd9bf1f3ff7af7ce84fe06a3205df7"
"GRIDLY_SOURCE_DATA_REPO","Census/tl_2025_us_county.zip","tl_2025_us_county.zip",".zip","83989800","80.099","2026-06-19T14:59:35.5566107Z","False","False",,"CALCULATED","9c6e9d9076abce2670d1de255de3710c35ecca00a7005d88e012dec52d95f763"
"GRIDLY_SOURCE_DATA_REPO","Texas-Address-Points/Liberty/shp/stratmap-2026-address-points-liberty_48291.dbf","stratmap-2026-address-points-liberty_48291.dbf",".dbf","77333242","73.751","2026-07-30T21:24:00.0223327Z","False","False",,"CALCULATED","2a9e04aa4286a641a0264b37f3ddbfb69ea9e23d6c12f70ec400af2294159b9a"
"GRIDLY_SOURCE_DATA_REPO","FRA/Raw/fra-crossings-tx-raw.geojson","fra-crossings-tx-raw.geojson",".geojson","68229691","65.069","2026-06-27T16:05:12.4870034Z","False","False",,"CALCULATED","d5da727edfefc95e2d36b6d73a3653cfea71d7a46ee9322efc8f23d38c1bdbb9"
"GRIDLY_SOURCE_DATA_REPO","FRA/Raw/fra-crossings-tx-raw-test.geojson","fra-crossings-tx-raw-test.geojson",".geojson","68229691","65.069","2026-06-27T16:26:01.3045546Z","False","False",,"CALCULATED","2088d96ccdd142e5ccd97c69a71f295b257fd37596a58612516b682be0a3be2b"
"GRIDLY_SOURCE_DATA_REPO","FRA/Processed/fra-crossings-tx.geojson","fra-crossings-tx.geojson",".geojson","68200491","65.041","2026-06-27T16:27:04.9539405Z","False","False",,"CALCULATED","e30bdd2502552fa5e578b2feefc5e2f599c0e8206067e4a87c65dadfa760113c"
"GRIDLY_SOURCE_DATA_REPO","Crossing-Packages/Texas/fra-crossings-tx.geojson","fra-crossings-tx.geojson",".geojson","68200491","65.041","2026-06-27T16:27:04.9539405Z","False","False",,"CALCULATED","e30bdd2502552fa5e578b2feefc5e2f599c0e8206067e4a87c65dadfa760113c"
"GRIDLY_SOURCE_DATA_REPO","Texas-Address-Points/Raw/Texas-2026.gdb/a0000000b.gdbtablx","a0000000b.gdbtablx",".gdbtablx","60718112","57.905","2026-07-30T21:33:07.0450653Z","False","False",,"NOT_CALCULATED",
"GRIDLY_SOURCE_DATA_REPO","OpenStreetMap/Community-Packages/fort-bend-roads-raw.geojson","fort-bend-roads-raw.geojson",".geojson","39832423","37.987","2026-06-26T22:13:30.5303351Z","False","False",,"CALCULATED","ae80e62512c7d5e2b3f21ad830652b8f6883843ba9d7a6fa2430960f11ecba0b"
"GRIDLY_SOURCE_DATA_REPO","Texas-Address-Points/Liberty/gridly/liberty-address-points.geojson","liberty-address-points.geojson",".geojson","39052804","37.244","2026-07-30T21:25:21.5693940Z","False","False",,"CALCULATED","d4dac9dc21d87496ccb3b18f49a087f0f00bc08d4dfcff074626c8280713e868"
"GRIDLY_SOURCE_DATA_REPO","OpenStreetMap/Community-Packages/montgomery-roads-raw.geojson","montgomery-roads-raw.geojson",".geojson","35232470","33.6","2026-06-29T17:08:20.0582794Z","False","False",,"CALCULATED","3f5ca248794a856b7fb8bfa17a09496304d4b4a2a2e2c4660bdb9ad0d690f4ac"
"GRIDLY_SOURCE_DATA_REPO","OpenStreetMap/Community-Packages/brazoria-roads-raw.geojson","brazoria-roads-raw.geojson",".geojson","19641351","18.731","2026-06-26T22:10:44.1852690Z","False","False",,"CALCULATED","0f03be5d5f4b08c04a6a34de5c832f005f22f065f041cd07bb1244b5f36e822c"
"GRIDLY_SOURCE_DATA_REPO","OpenStreetMap/Community-Packages/galveston-roads-raw.geojson","galveston-roads-raw.geojson",".geojson","16901472","16.118","2026-06-26T22:08:30.3590399Z","False","False",,"CALCULATED","ae4828946c1bb1c95b8c8eeb4a415f7746478bf852ab2378a543d34235a8e73b"
"GRIDLY_SOURCE_DATA_REPO","Texas-Address-Points/Liberty/fgdb/stratmap-2026-address-points-liberty_48291.gdb/a0000000b.gdbtable","a0000000b.gdbtable",".gdbtable","11327516","10.803","2026-07-30T21:23:59.6436583Z","False","False",,"NOT_CALCULATED",
"GRIDLY_SOURCE_DATA_REPO","OpenStreetMap/Community-Packages/brazos-roads-raw.geojson","brazos-roads-raw.geojson",".geojson","10227980","9.754","2026-06-26T22:19:54.9823470Z","False","False",,"CALCULATED","67f68febdbd73c5227ff02010f5753f160474a8394f5f8cc49b919830faea1bd"
"GRIDLY_SOURCE_DATA_REPO","OpenStreetMap/Community-Packages/jefferson-roads-raw.geojson","jefferson-roads-raw.geojson",".geojson","9999931","9.537","2026-06-26T21:09:48.6875206Z","False","False",,"CALCULATED","018bff84830040e8da312fa850ea6a1cb7c2bfb08f511454690d26ab06b01b12"
"GRIDLY_SOURCE_DATA_REPO","OpenStreetMap/Community-Packages/washington-roads-raw.geojson","washington-roads-raw.geojson",".geojson","6502578","6.201","2026-06-26T22:18:05.3827513Z","False","False",,"CALCULATED","967357585eabfefd5c2bace524ad371ee4c53cad9671fa4bf30604121005e65a"
"GRIDLY_SOURCE_DATA_REPO","OpenStreetMap/Community-Packages/fayette-roads-raw.geojson","fayette-roads-raw.geojson",".geojson","5885576","5.613","2026-06-26T22:57:38.4595192Z","False","False",,"CALCULATED","a9c88f30f37bd01130b64a392d79781fd96c6104c47087185e90905d9048a7e2"
"GRIDLY_SOURCE_DATA_REPO","OpenStreetMap/Community-Packages/waller-roads-raw.geojson","waller-roads-raw.geojson",".geojson","5881023","5.609","2026-06-26T22:15:00.7395529Z","False","False",,"CALCULATED","4ca08f5b881c5a0cdd6e052bdf4c93e054a00614fcd9b5ef35debfa1d09942a0"
"GRIDLY_SOURCE_DATA_REPO","OpenStreetMap/Community-Packages/wharton-roads-raw.geojson","wharton-roads-raw.geojson",".geojson","5713408","5.449","2026-06-26T22:54:13.7751006Z","False","False",,"CALCULATED","fd20baf614915b28de301e9863f15c19afbdb8be3f459162e9b5cd1d325cccab"
"GRIDLY_SOURCE_DATA_REPO","OpenStreetMap/Community-Packages/hardin-roads-raw.geojson","hardin-roads-raw.geojson",".geojson","5621625","5.361","2026-06-26T21:44:57.9966960Z","False","False",,"CALCULATED","835e951951bc42ebb5b4591709998c99fbdd17ea6e3069357adaf00910230805"
"GRIDLY_SOURCE_DATA_REPO","Crossing-Packages/harris/Production/harris-production-crossings.geojson","harris-production-crossings.geojson",".geojson","5288422","5.043","2026-06-28T20:52:22.0460347Z","False","False",,"CALCULATED","b6bca59e135bd4ae48c09f4e63614f6d838c82a868f2767287f94d08510fa713"
"GRIDLY_SOURCE_DATA_REPO","Texas-Public-Safety/TCJS/PopReportCurrent.xlsx","PopReportCurrent.xlsx",".xlsx","4988665","4.758","2026-08-03T23:16:24.7012170Z","False","False",,"CALCULATED","77970ab3c5c0d3929e774e42c61dda092ad4afe828b21b9fcb223b30c00f540d"
"GRIDLY_SOURCE_DATA_REPO","Crossing-Packages/harris/harris-crossings.geojson","harris-crossings.geojson",".geojson","4908400","4.681","2026-06-28T20:52:19.8792738Z","False","False",,"CALCULATED","efb7cca90a23cd9c99170f9bf25bcce7de7b0dfacead83d1f6dae3f688da67ec"
"GRIDLY_SOURCE_DATA_REPO","OpenStreetMap/Community-Packages/walker-roads-raw.geojson","walker-roads-raw.geojson",".geojson","4345450","4.144","2026-06-26T21:36:01.9083602Z","False","False",,"CALCULATED","697bc04613b30f95739c0537ce4ef280709ce0d3e4e0aad8c00712eca67277ec"
"GRIDLY_SOURCE_DATA_REPO","OpenStreetMap/Community-Packages/polk-roads-raw.geojson","polk-roads-raw.geojson",".geojson","4199038","4.005","2026-06-26T21:46:34.0134218Z","False","False",,"CALCULATED","56e16e2a46ae49eadb28e70f642e82a70dba2380f26803975ac32aea363b6d51"
"GRIDLY_SOURCE_DATA_REPO","OpenStreetMap/Community-Packages/austin-roads-raw.geojson","austin-roads-raw.geojson",".geojson","4071991","3.883","2026-06-26T22:16:31.4837478Z","False","False",,"CALCULATED","e6059a1e6938c7aaac0df3036a70159e196ee8233b80eeb914a54800cb112882"
"GRIDLY_SOURCE_DATA_REPO","OpenStreetMap/Community-Packages/orange-roads-raw.geojson","orange-roads-raw.geojson",".geojson","3981759","3.797","2026-06-26T22:02:11.7605268Z","False","False",,"CALCULATED","e743ae11bdad0d8de1158acaed44f776e3dbf3f19124c9e97f871b1bea6aaa31"
"GRIDLY_SOURCE_DATA_REPO","OpenStreetMap/Community-Packages/colorado-roads-raw.geojson","colorado-roads-raw.geojson",".geojson","3948474","3.766","2026-06-26T22:55:56.6320651Z","False","False",,"CALCULATED","b4be937b805bc7a48debceb46540e16899aa5348bbf86ef3877c133d321969bf"
"GRIDLY_SOURCE_DATA_REPO","OpenStreetMap/Community-Packages/matagorda-roads-raw.geojson","matagorda-roads-raw.geojson",".geojson","3564355","3.399","2026-06-26T23:01:44.5950330Z","False","False",,"CALCULATED","1f66a230132d469f1eca8dea8a0f5f6646e8a16f17c8466e92e3dbe9a8a8f95d"
"GRIDLY_SOURCE_DATA_REPO","OpenStreetMap/Community-Packages/chambers-roads-raw.geojson","chambers-roads-raw.geojson",".geojson","3551212","3.387","2026-06-26T17:03:09.0307728Z","False","False",,"CALCULATED","d52a6758dd099eef2df30602857cc3b66120297696deae3f663a038359194f8e"
"GRIDLY_SOURCE_DATA_REPO","OpenStreetMap/Community-Packages/lavaca-roads-raw.geojson","lavaca-roads-raw.geojson",".geojson","3248644","3.098","2026-06-26T22:59:01.6040586Z","False","False",,"CALCULATED","5cf394bee57a47a3388dd149fdd688026fd503ed0f5e858c54aacc939d4cf98c"
"GRIDLY_SOURCE_DATA_REPO","OpenStreetMap/Community-Packages/grimes-roads-raw.geojson","grimes-roads-raw.geojson",".geojson","3047682","2.906","2026-06-26T22:21:20.2140729Z","False","False",,"CALCULATED","5668b232d6fcc2b3a38a376ca763990542d2da86c49c6305d0725b5819d8069d"
"GRIDLY_SOURCE_DATA_REPO","OpenStreetMap/Community-Packages/jasper-roads-raw.geojson","jasper-roads-raw.geojson",".geojson","2930321","2.795","2026-06-26T22:03:42.1126879Z","False","False",,"CALCULATED","f9555c3b29be520e1ad957384da088625c608a6e82f155eff6f8d3d5974114f6"
"GRIDLY_SOURCE_DATA_REPO","OpenStreetMap/Community-Packages/tyler-roads-raw.geojson","tyler-roads-raw.geojson",".geojson","2732104","2.606","2026-06-26T22:06:23.2176690Z","False","False",,"CALCULATED","ddcb87fdbdc39bd26a6aeb76e7eb637eca2023bbca7c25ca17d1c912012eea79"
"GRIDLY_SOURCE_DATA_REPO","Texas-Address-Points/Liberty/shp/stratmap-2026-address-points-liberty_48291.shp","stratmap-2026-address-points-liberty_48291.shp",".shp","2308532","2.202","2026-07-30T21:24:00.0654498Z","False","False",,"CALCULATED","a68d419d9831b58b5ebcd895eb89e5c55be10c070383ad414ab977dd669c9f95"
"GRIDLY_SOURCE_DATA_REPO","OpenStreetMap/Community-Packages/jackson-roads-raw.geojson","jackson-roads-raw.geojson",".geojson","2264521","2.16","2026-06-26T23:00:20.9545194Z","False","False",,"CALCULATED","49da2e8444bbf4f86f64380ab4b95d756b3f90cd3cb8f718bb2727cb632b3a65"
"GRIDLY_SOURCE_DATA_REPO","National-Address-Database/extracted/NAD_r23.gdb/a00000004.gdbtable","a00000004.gdbtable",".gdbtable","2106394","2.009","2026-06-30T15:17:44.0000000Z","False","False",,"NOT_CALCULATED",
"GRIDLY_SOURCE_DATA_REPO","OpenStreetMap/Community-Packages/newton-roads-raw.geojson","newton-roads-raw.geojson",".geojson","1849763","1.764","2026-06-26T22:05:02.8929768Z","False","False",,"CALCULATED","b3a6483d6865a35c0276e0130294fd39fb6a6a6180e57c6ef4f6462c91acf966"
"GRIDLY_SOURCE_DATA_REPO","Crossing-Packages/jefferson/Production/jefferson-production-crossings.geojson","jefferson-production-crossings.geojson",".geojson","1724470","1.645","2026-06-28T20:52:38.8715040Z","False","False",,"CALCULATED","836859bf7440a69c054038da033223866e129f5d01af609e66b9503c0e40c798"
"GRIDLY_SOURCE_DATA_REPO","National-Address-Database/gridly-28-counties/liberty_county_test.gpkg","liberty_county_test.gpkg",".gpkg","1605632","1.531","2026-07-30T20:52:01.7901332Z","False","False",,"CALCULATED","9496cf9232c6d970156f29da4870c52240f3246076f416a73aed275a398fd4db"
"GRIDLY_SOURCE_DATA_REPO","National-Address-Database/gridly-28-counties/gridly_nad_28_counties.gpkg","gridly_nad_28_counties.gpkg",".gpkg","1605632","1.531","2026-07-30T20:50:51.1878620Z","False","False",,"CALCULATED","2f9a9386fc829efd0a5e680d628b8d4d5df3f6b766d85ead96a3b25f74d8373e"
