county_id,place_geoid,pass,failed_checks
hill-tx,4800100,true,
hale-tx,4800160,true,
lubbock-tx,4800160,true,
jones-tx,4801000,true,
taylor-tx,4801000,true,
hidalgo-tx,4801060,true,
hudspeth-tx,4801084,true,
dawson-tx,4801108,true,
martin-tx,4801108,true,
dallas-tx,4801240,true,
oldham-tx,4801324,true,
el-paso-tx,4801390,true,
nueces-tx,4801396,true,
webb-tx,4801420,true,
starr-tx,4801500,true,
brooks-tx,4801514,true,
hidalgo-tx,4801576,true,
calhoun-tx,4801594,true,
bexar-tx,4801600,true,
gray-tx,4801612,true,
rains-tx,4801636,true,
wood-tx,4801636,true,
shackelford-tx,4801648,true,
harris-tx,4801696,true,
parker-tx,4801744,true,
jim-wells-tx,4801816,true,
jim-wells-tx,4801852,true,
jim-wells-tx,4801858,true,
collin-tx,4801924,true,
wheeler-tx,4802032,true,
ellis-tx,4802044,true,
brewster-tx,4802104,true,
cherokee-tx,4802188,true,
starr-tx,4802194,true,
hidalgo-tx,4802212,true,
johnson-tx,4802260,true,
brazoria-tx,4802272,true,
wise-tx,4802284,true,
starr-tx,4802286,true,
jim-wells-tx,4802290,true,
potter-tx,4803000,true,
randall-tx,4803000,true,
zavala-tx,4803008,true,
liberty-tx,4803072,true,
lamb-tx,4803084,true,
val-verde-tx,4803096,true,
starr-tx,4803126,true,
chambers-tx,4803144,true,
grimes-tx,4803192,true,
andrews-tx,4803216,true,
brazoria-tx,4803264,true,
navarro-tx,4803288,true,
collin-tx,4803300,true,
parker-tx,4803336,true,
parker-tx,4803340,true,
parker-tx,4803342,true,
red-river-tx,4803360,true,
jones-tx,4803372,true,
el-paso-tx,4803432,true,
hockley-tx,4803540,true,
nacogdoches-tx,4803564,true,
hill-tx,4803588,true,
aransas-tx,4803600,true,
nueces-tx,4803600,true,
san-patricio-tx,4803600,true,
archer-tx,4803696,true,
fort-bend-tx,4803708,true,
denton-tx,4803768,true,
tarrant-tx,4804000,true,
smith-tx,4804156,true,
cameron-tx,4804174,true,
cameron-tx,4804176,true,
dimmit-tx,4804300,true,
stonewall-tx,4804408,true,
harris-tx,4804462,true,
henderson-tx,4804504,true,
cass-tx,4804516,true,
denton-tx,4804600,true,
wise-tx,4804672,true,
bastrop-tx,4805000,true,
hays-tx,4805000,true,
travis-tx,4805000,true,
williamson-tx,4805000,true,
refugio-tx,4805036,true,
red-river-tx,4805072,true,
cass-tx,4805084,true,
parker-tx,4805168,true,
tarrant-tx,4805168,true,
galveston-tx,4805180,true,
fannin-tx,4805264,true,
brazoria-tx,4805288,true,
callahan-tx,4805336,true,
dallas-tx,4805372,true,
bexar-tx,4805384,true,
runnels-tx,4805456,true,
reeves-tx,4805468,true,
starr-tx,4805520,true,
bandera-tx,4805528,true,
brown-tx,4805552,true,
nueces-tx,4805576,true,
ellis-tx,4805612,true,
edwards-tx,4805648,true,
starr-tx,4805690,true,
harris-tx,4805696,true,
navarro-tx,4805708,true,
ward-tx,4805720,true,
bell-tx,4805732,true,
williamson-tx,4805732,true,
travis-tx,4805750,true,
denton-tx,4805768,true,
bastrop-tx,4805864,true,
zavala-tx,4805924,true,
matagorda-tx,4805984,true,
galveston-tx,4806060,true,
refugio-tx,4806104,true,
chambers-tx,4806128,true,
harris-tx,4806128,true,
cameron-tx,4806140,true,
chambers-tx,4806200,true,
hays-tx,4806242,true,
dallas-tx,4806244,true,
fort-bend-tx,4806272,true,
jefferson-tx,4807000,true,
jefferson-tx,4807036,true,
burleson-tx,4807042,true,
panola-tx,4807108,true,
tarrant-tx,4807132,true,
grimes-tx,4807144,true,
travis-tx,4807156,true,
bee-tx,4807192,true,
harris-tx,4807300,true,
clay-tx,4807396,true,
mclennan-tx,4807408,true,
grayson-tx,4807420,true,
austin-tx,4807432,true,
hays-tx,4807486,true,
bell-tx,4807492,true,
milam-tx,4807516,true,
duval-tx,4807528,true,
jim-wells-tx,4807540,true,
tarrant-tx,4807552,true,
knox-tx,4807636,true,
starr-tx,4807642,true,
van-zandt-tx,4807708,true,
henderson-tx,4807852,true,
burnet-tx,4807864,true,
mclennan-tx,4808104,true,
jefferson-tx,4808128,true,
frio-tx,4808164,true,
reagan-tx,4808212,true,
upshur-tx,4808224,true,
howard-tx,4808236,true,
liberty-tx,4808240,true,
polk-tx,4808240,true,
dimmit-tx,4808260,true,
nueces-tx,4808392,true,
potter-tx,4808398,true,
cass-tx,4808404,true,
cameron-tx,4808410,true,
coke-tx,4808488,true,
nolan-tx,4808488,true,
blanco-tx,4808536,true,
brown-tx,4808596,true,
cochran-tx,4808644,true,
matagorda-tx,4808668,true,
cass-tx,4808752,true,
navarro-tx,4808788,true,
victoria-tx,4808800,true,
lamar-tx,4808812,true,
bee-tx,4808830,true,
tarrant-tx,4808860,true,
collin-tx,4808872,true,
cameron-tx,4808908,true,
erath-tx,4808932,true,
hill-tx,4809004,true,
kendall-tx,4809160,true,
red-river-tx,4809172,true,
wharton-tx,4809232,true,
galveston-tx,4809250,true,
webb-tx,4809310,true,
fannin-tx,4809328,true,
brazoria-tx,4809388,true,
lipscomb-tx,4809448,true,
ochiltree-tx,4809448,true,
hutchinson-tx,4809556,true,
webb-tx,4809598,true,
parmer-tx,4809628,true,
montague-tx,4809640,true,
val-verde-tx,4809656,true,
wise-tx,4809748,true,
oldham-tx,4809796,true,
kinney-tx,4809868,true,
mcculloch-tx,4809916,true,
brazoria-tx,4810072,true,
palo-pinto-tx,4810084,true,
austin-tx,4810090,true,
stephens-tx,4810132,true,
robertson-tx,4810144,true,
washington-tx,4810156,true,
parker-tx,4810192,true,
tarrant-tx,4810192,true,
wise-tx,4810192,true,
travis-tx,4810197,true,
johnson-tx,4810216,true,
orange-tx,4810252,true,
wise-tx,4810264,true,
burnet-tx,4810276,true,
ellis-tx,4810336,true,
san-augustine-tx,4810384,true,
coke-tx,4810528,true,
waller-tx,4810636,true,
brazoria-tx,4810648,true,
lamar-tx,4810660,true,
jasper-tx,4810708,true,
terry-tx,4810720,true,
henderson-tx,4810756,true,
cameron-tx,4810768,true,
brown-tx,4810780,true,
falls-tx,4810828,true,
mclennan-tx,4810828,true,
dimmit-tx,4810852,true,
webb-tx,4810876,true,
williamson-tx,4810897,true,
brazos-tx,4810912,true,
jack-tx,4810960,true,
llano-tx,4810984,true,
llano-tx,4810990,true,
milam-tx,4811020,true,
hays-tx,4811080,true,
starr-tx,4811102,true,
leon-tx,4811116,true,
taylor-tx,4811128,true,
lubbock-tx,4811155,true,
cherokee-tx,4811212,true,
smith-tx,4811212,true,
comal-tx,4811224,true,
jasper-tx,4811236,true,
harris-tx,4811300,true,
wichita-tx,4811368,true,
angelina-tx,4811380,true,
johnson-tx,4811428,true,
tarrant-tx,4811428,true,
milam-tx,4811440,true,
burnet-tx,4811464,true,
washington-tx,4811536,true,
potter-tx,4811572,true,
randall-tx,4811572,true,
el-paso-tx,4811626,true,
clay-tx,4811644,true,
hill-tx,4811656,true,
moore-tx,4811692,true,
hunt-tx,4811716,true,
burleson-tx,4811725,true,
burleson-tx,4811836,true,
van-zandt-tx,4811940,true,
cooke-tx,4811968,true,
robertson-tx,4811992,true,
starr-tx,4812010,true,
milam-tx,4812040,true,
cameron-tx,4812045,true,
hunt-tx,4812112,true,
starr-tx,4812226,true,
bastrop-tx,4812334,true,
real-tx,4812388,true,
hemphill-tx,4812412,true,
henderson-tx,4812472,true,
van-zandt-tx,4812496,true,
brooks-tx,4812502,true,
el-paso-tx,4812508,true,
randall-tx,4812532,true,
hood-tx,4812562,true,
comal-tx,4812580,true,
san-jacinto-tx,4812600,true,
eastland-tx,4812736,true,
tom-green-tx,4812892,true,
hill-tx,4812895,true,
hamilton-tx,4812904,true,
fayette-tx,4812916,true,
dimmit-tx,4812982,true,
dimmit-tx,4812988,true,
collin-tx,4813024,true,
dallas-tx,4813024,true,
denton-tx,4813024,true,
parker-tx,4813075,true,
panola-tx,4813108,true,
starr-tx,4813128,true,
starr-tx,4813150,true,
wichita-tx,4813198,true,
bexar-tx,4813276,true,
medina-tx,4813312,true,
dimmit-tx,4813324,true,
bastrop-tx,4813432,true,
dallas-tx,4813492,true,
ellis-tx,4813492,true,
travis-tx,4813552,true,
williamson-tx,4813552,true,
polk-tx,4813570,true,
hunt-tx,4813672,true,
collin-tx,4813684,true,
denton-tx,4813684,true,
shelby-tx,4813732,true,
kerr-tx,4813828,true,
leon-tx,4813900,true,
jefferson-tx,4813972,true,
hidalgo-tx,4814038,true,
henderson-tx,4814224,true,
harris-tx,4814236,true,
hartley-tx,4814260,true,
starr-tx,4814266,true,
starr-tx,4814290,true,
atascosa-tx,4814404,true,
tyler-tx,4814584,true,
wise-tx,4814620,true,
childress-tx,4814668,true,
hardeman-tx,4814680,true,
falls-tx,4814692,true,
jefferson-tx,4814704,true,
bexar-tx,4814716,true,
mclennan-tx,4814740,true,
nacogdoches-tx,4814776,true,
atascosa-tx,4814860,true,
tom-green-tx,4814872,true,
cameron-tx,4814880,true,
maverick-tx,4814881,true,
zavala-tx,4814882,true,
bexar-tx,4814920,true,
guadalupe-tx,4814920,true,
val-verde-tx,4814927,true,
fort-bend-tx,4814929,true,
harris-tx,4814929,true,
bastrop-tx,4814986,true,
eastland-tx,4815004,true,
hidalgo-tx,4815028,true,
donley-tx,4815112,true,
red-river-tx,4815160,true,
gregg-tx,4815172,true,
upshur-tx,4815172,true,
armstrong-tx,4815196,true,
burleson-tx,4815232,true,
galveston-tx,4815328,true,
johnson-tx,4815364,true,
liberty-tx,4815436,true,
montgomery-tx,4815436,true,
san-jacinto-tx,4815436,true,
bosque-tx,4815472,true,
el-paso-tx,4815544,true,
harris-tx,4815628,true,
brazoria-tx,4815652,true,
callahan-tx,4815676,true,
howard-tx,4815700,true,
dallas-tx,4815796,true,
henderson-tx,4815820,true,
san-jacinto-tx,4815892,true,
coleman-tx,4815916,true,
brazos-tx,4815976,true,
tarrant-tx,4815988,true,
grayson-tx,4816036,true,
tyler-tx,4816048,true,
webb-tx,4816110,true,
mitchell-tx,4816120,true,
colorado-tx,4816168,true,
comanche-tx,4816192,true,
cameron-tx,4816204,true,
dallas-tx,4816216,true,
kaufman-tx,4816216,true,
kendall-tx,4816228,true,
hunt-tx,4816240,true,
hopkins-tx,4816252,true,
duval-tx,4816300,true,
montgomery-tx,4816432,true,
bexar-tx,4816468,true,
parker-tx,4816540,true,
limestone-tx,4816552,true,
delta-tx,4816564,true,
dallas-tx,4816612,true,
denton-tx,4816612,true,
bell-tx,4816624,true,
coryell-tx,4816624,true,
lampasas-tx,4816624,true,
denton-tx,4816636,true,
denton-tx,4816696,true,
aransas-tx,4817000,true,
kleberg-tx,4817000,true,
nueces-tx,4817000,true,
san-patricio-tx,4817000,true,
denton-tx,4817021,true,
polk-tx,4817036,true,
navarro-tx,4817060,true,
kaufman-tx,4817200,true,
burnet-tx,4817208,true,
la-salle-tx,4817216,true,
williamson-tx,4817312,true,
chambers-tx,4817336,true,
hill-tx,4817372,true,
pecos-tx,4817408,true,
jim-wells-tx,4817426,true,
johnson-tx,4817429,true,
kaufman-tx,4817504,true,
crane-tx,4817516,true,
bosque-tx,4817540,true,
mclennan-tx,4817564,true,
hays-tx,4817612,true,
travis-tx,4817612,true,
hood-tx,4817648,true,
johnson-tx,4817648,true,
parker-tx,4817648,true,
houston-tx,4817744,true,
harris-tx,4817756,true,
crosby-tx,4817768,true,
bexar-tx,4817811,true,
callahan-tx,4817816,true,
denton-tx,4817852,true,
johnson-tx,4817917,true,
foard-tx,4817948,true,
johnson-tx,4817960,true,
tarrant-tx,4817960,true,
zavala-tx,4818020,true,
dewitt-tx,4818092,true,
hidalgo-tx,4818104,true,
hopkins-tx,4818128,true,
fort-bend-tx,4818134,true,
cherokee-tx,4818152,true,
nacogdoches-tx,4818224,true,
montgomery-tx,4818260,true,
morris-tx,4818464,true,
liberty-tx,4818476,true,
dallam-tx,4818524,true,
hartley-tx,4818524,true,
collin-tx,4819000,true,
dallas-tx,4819000,true,
denton-tx,4819000,true,
kaufman-tx,4819000,true,
rockwall-tx,4819000,true,
tarrant-tx,4819084,true,
brazoria-tx,4819108,true,
brazoria-tx,4819120,true,
lipscomb-tx,4819288,true,
navarro-tx,4819420,true,
liberty-tx,4819432,true,
liberty-tx,4819435,true,
clay-tx,4819456,true,
burleson-tx,4819492,true,
wise-tx,4819528,true,
hood-tx,4819570,true,
harris-tx,4819624,true,
montgomery-tx,4819632,true,
bowie-tx,4819648,true,
comanche-tx,4819672,true,
hudspeth-tx,4819708,true,
cameron-tx,4819714,true,
starr-tx,4819732,true,
val-verde-tx,4819792,true,
san-patricio-tx,4819808,true,
grayson-tx,4819900,true,
parker-tx,4819924,true,
denton-tx,4819972,true,
gaines-tx,4819984,true,
yoakum-tx,4819984,true,
lamar-tx,4820020,true,
red-river-tx,4820020,true,
dallas-tx,4820092,true,
red-river-tx,4820128,true,
liberty-tx,4820140,true,
medina-tx,4820152,true,
newton-tx,4820212,true,
medina-tx,4820248,true,
angelina-tx,4820308,true,
dickens-tx,4820332,true,
galveston-tx,4820344,true,
frio-tx,4820428,true,
lee-tx,4820452,true,
castro-tx,4820464,true,
denton-tx,4820540,true,
fannin-tx,4820680,true,
collingsworth-tx,4820716,true,
hidalgo-tx,4820734,true,
cass-tx,4820848,true,
hidalgo-tx,4820884,true,
hidalgo-tx,4820926,true,
grayson-tx,4820932,true,
denton-tx,4821028,true,
burnet-tx,4821031,true,
cass-tx,4821112,true,
hays-tx,4821412,true,
hays-tx,4821424,true,
nueces-tx,4821436,true,
erath-tx,4821484,true,
moore-tx,4821556,true,
dallas-tx,4821628,true,
colorado-tx,4821844,true,
maverick-tx,4821892,true,
brown-tx,4821904,true,
lamb-tx,4821928,true,
starr-tx,4821958,true,
wharton-tx,4821988,true,
brazoria-tx,4822000,true,
eastland-tx,4822132,true,
gregg-tx,4822168,true,
upshur-tx,4822168,true,
gregg-tx,4822192,true,
rusk-tx,4822192,true,
rains-tx,4822276,true,
fannin-tx,4822516,true,
hidalgo-tx,4822528,true,
concho-tx,4822552,true,
tarrant-tx,4822588,true,
san-patricio-tx,4822593,true,
van-zandt-tx,4822612,true,
hidalgo-tx,4822660,true,
hale-tx,4822708,true,
jackson-tx,4822720,true,
van-zandt-tx,4822744,true,
san-patricio-tx,4822768,true,
maverick-tx,4822810,true,
throckmorton-tx,4822840,true,
starr-tx,4822853,true,
cameron-tx,4822858,true,
wharton-tx,4822864,true,
starr-tx,4822892,true,
starr-tx,4822898,true,
webb-tx,4822905,true,
starr-tx,4822920,true,
schleicher-tx,4822960,true,
wichita-tx,4822984,true,
bastrop-tx,4823044,true,
travis-tx,4823044,true,
starr-tx,4823062,true,
maverick-tx,4823080,true,
anderson-tx,4823140,true,
harris-tx,4823164,true,
fayette-tx,4823176,true,
maverick-tx,4823254,true,
bexar-tx,4823272,true,
wilson-tx,4823272,true,
starr-tx,4823278,true,
kaufman-tx,4823356,true,
starr-tx,4823398,true,
el-paso-tx,4824000,true,
starr-tx,4824013,true,
starr-tx,4824015,true,
starr-tx,4824018,true,
hidalgo-tx,4824036,true,
starr-tx,4824055,true,
smith-tx,4824158,true,
navarro-tx,4824168,true,
rains-tx,4824216,true,
cameron-tx,4824223,true,
henderson-tx,4824228,true,
la-salle-tx,4824240,true,
brooks-tx,4824252,true,
ellis-tx,4824348,true,
starr-tx,4824552,true,
hall-tx,4824636,true,
starr-tx,4824738,true,
tarrant-tx,4824768,true,
navarro-tx,4824816,true,
henderson-tx,4824828,true,
jasper-tx,4824840,true,
coryell-tx,4824864,true,
hamilton-tx,4824864,true,
starr-tx,4824894,true,
tarrant-tx,4824912,true,
el-paso-tx,4825032,true,
maverick-tx,4825038,true,
fort-bend-tx,4825068,true,
freestone-tx,4825104,true,
bexar-tx,4825168,true,
comal-tx,4825168,true,
kendall-tx,4825168,true,
collin-tx,4825224,true,
starr-tx,4825338,true,
starr-tx,4825344,true,
zapata-tx,4825348,true,
zapata-tx,4825352,true,
starr-tx,4825356,true,
brooks-tx,4825368,true,
karnes-tx,4825392,true,
san-patricio-tx,4825397,true,
jefferson-tx,4825404,true,
dallas-tx,4825452,true,
collin-tx,4825488,true,
ochiltree-tx,4825512,true,
parmer-tx,4825548,true,
rockwall-tx,4825572,true,
fayette-tx,4825644,true,
starr-tx,4825744,true,
dallas-tx,4825752,true,
ellis-tx,4825752,true,
fort-bend-tx,4825795,true,
coryell-tx,4826004,true,
fayette-tx,4826028,true,
starr-tx,4826130,true,
williamson-tx,4826136,true,
wilson-tx,4826160,true,
brooks-tx,4826220,true,
denton-tx,4826232,true,
tarrant-tx,4826232,true,
floyd-tx,4826268,true,
scurry-tx,4826280,true,
lipscomb-tx,4826328,true,
orange-tx,4826516,true,
tarrant-tx,4826544,true,
kaufman-tx,4826604,true,
howard-tx,4826640,true,
el-paso-tx,4826664,true,
bell-tx,4826666,true,
coryell-tx,4826666,true,
kinney-tx,4826680,true,
jeff-davis-tx,4826688,true,
hudspeth-tx,4826724,true,
pecos-tx,4826808,true,
denton-tx,4827000,true,
johnson-tx,4827000,true,
parker-tx,4827000,true,
tarrant-tx,4827000,true,
wise-tx,4827000,true,
fort-bend-tx,4827102,true,
webb-tx,4827124,true,
la-salle-tx,4827144,true,
robertson-tx,4827288,true,
anderson-tx,4827300,true,
henderson-tx,4827300,true,
gillespie-tx,4827348,true,
brazoria-tx,4827420,true,
duval-tx,4827432,true,
fort-bend-tx,4827540,true,
galveston-tx,4827648,true,
harris-tx,4827648,true,
parmer-tx,4827660,true,
collin-tx,4827684,true,
denton-tx,4827684,true,
hutchinson-tx,4827696,true,
moore-tx,4827696,true,
starr-tx,4827744,true,
starr-tx,4827748,true,
navarro-tx,4827768,true,
van-zandt-tx,4827804,true,
fort-bend-tx,4827876,true,
aransas-tx,4827888,true,
borden-tx,4827972,true,
cooke-tx,4827984,true,
harris-tx,4827996,true,
cherokee-tx,4828008,true,
galveston-tx,4828068,true,
jackson-tx,4828080,true,
starr-tx,4828128,true,
starr-tx,4828152,true,
glasscock-tx,4828176,true,
ector-tx,4828200,true,
comal-tx,4828248,true,
travis-tx,4828320,true,
collin-tx,4829000,true,
dallas-tx,4829000,true,
parker-tx,4829012,true,
ellis-tx,4829036,true,
nacogdoches-tx,4829060,true,
colorado-tx,4829096,true,
panola-tx,4829108,true,
starr-tx,4829114,true,
coryell-tx,4829168,true,
milam-tx,4829216,true,
williamson-tx,4829336,true,
live-oak-tx,4829348,true,
guadalupe-tx,4829384,true,
mclennan-tx,4829408,true,
lee-tx,4829432,true,
upshur-tx,4829564,true,
kent-tx,4829612,true,
gregg-tx,4829660,true,
upshur-tx,4829660,true,
hemphill-tx,4829732,true,
dallas-tx,4829840,true,
ellis-tx,4829840,true,
somervell-tx,4829876,true,
colorado-tx,4829912,true,
johnson-tx,4829972,true,
ector-tx,4830044,true,
mills-tx,4830056,true,
goliad-tx,4830080,true,
falls-tx,4830092,true,
mclennan-tx,4830092,true,
gonzales-tx,4830116,true,
navarro-tx,4830188,true,
polk-tx,4830224,true,
palo-pinto-tx,4830272,true,
knox-tx,4830296,true,
eastland-tx,4830308,true,
palo-pinto-tx,4830380,true,
young-tx,4830392,true,
hood-tx,4830416,true,
ward-tx,4830440,true,
dallas-tx,4830464,true,
ellis-tx,4830464,true,
johnson-tx,4830464,true,
tarrant-tx,4830464,true,
van-zandt-tx,4830476,true,
johnson-tx,4830512,true,
williamson-tx,4830548,true,
montgomery-tx,4830560,true,
burnet-tx,4830584,true,
hidalgo-tx,4830608,true,
tom-green-tx,4830629,true,
houston-tx,4830632,true,
dallas-tx,4830644,true,
denton-tx,4830644,true,
tarrant-tx,4830644,true,
kaufman-tx,4830752,true,
cameron-tx,4830890,true,
hunt-tx,4830920,true,
san-patricio-tx,4831064,true,
bexar-tx,4831100,true,
limestone-tx,4831280,true,
carson-tx,4831292,true,
jefferson-tx,4831328,true,
trinity-tx,4831340,true,
hansford-tx,4831412,true,
starr-tx,4831442,true,
jim-hogg-tx,4831484,true,
henderson-tx,4831592,true,
grayson-tx,4831616,true,
comanche-tx,4831628,true,
king-tx,4831640,true,
starr-tx,4831646,true,
denton-tx,4831715,true,
hale-tx,4831820,true,
lavaca-tx,4831868,true,
mclennan-tx,4831880,true,
harrison-tx,4831904,true,
tarrant-tx,4831928,true,
hamilton-tx,4831952,true,
fisher-tx,4831964,true,
jones-tx,4831964,true,
jefferson-tx,4832012,true,
randall-tx,4832156,true,
swisher-tx,4832156,true,
liberty-tx,4832240,true,
hidalgo-tx,4832246,true,
hidalgo-tx,4832300,true,
bell-tx,4832312,true,
cameron-tx,4832372,true,
gillespie-tx,4832456,true,
wilbarger-tx,4832552,true,
castro-tx,4832576,true,
hartley-tx,4832612,true,
haskell-tx,4832696,true,
denton-tx,4832720,true,
tarrant-tx,4832720,true,
hidalgo-tx,4832792,true,
hunt-tx,4832810,true,
wood-tx,4832816,true,
jones-tx,4832840,true,
hays-tx,4832906,true,
starr-tx,4832910,true,
robertson-tx,4832972,true,
kaufman-tx,4832978,true,
kaufman-tx,4832984,true,
rockwall-tx,4832984,true,
jim-hogg-tx,4833008,true,
collin-tx,4833020,true,
denton-tx,4833020,true,
donley-tx,4833044,true,
harris-tx,4833068,true,
hidalgo-tx,4833092,true,
bexar-tx,4833146,true,
sabine-tx,4833188,true,
waller-tx,4833200,true,
rusk-tx,4833212,true,
clay-tx,4833284,true,
deaf-smith-tx,4833320,true,
scurry-tx,4833356,true,
mclennan-tx,4833428,true,
denton-tx,4833476,true,
erath-tx,4833548,true,
hamilton-tx,4833548,true,
hidalgo-tx,4833560,true,
smith-tx,4833578,true,
lipscomb-tx,4833608,true,
burnet-tx,4833794,true,
dallas-tx,4833824,true,
harris-tx,4833836,true,
denton-tx,4833848,true,
bexar-tx,4833968,true,
brazoria-tx,4834018,true,
hill-tx,4834088,true,
webb-tx,4834105,true,
frio-tx,4834130,true,
starr-tx,4834133,true,
leon-tx,4834136,true,
harris-tx,4834148,true,
galveston-tx,4834220,true,
aransas-tx,4834478,true,
brazoria-tx,4834502,true,
bell-tx,4834508,true,
archer-tx,4834532,true,
wood-tx,4834586,true,
bexar-tx,4834628,true,
el-paso-tx,4834671,true,
el-paso-tx,4834673,true,
medina-tx,4834676,true,
fannin-tx,4834700,true,
bowie-tx,4834736,true,
el-paso-tx,4834832,true,
travis-tx,4834856,true,
burnet-tx,4834862,true,
llano-tx,4834862,true,
parker-tx,4834865,true,
fort-bend-tx,4835000,true,
harris-tx,4835000,true,
montgomery-tx,4835000,true,
waller-tx,4835000,true,
donley-tx,4835072,true,
grayson-tx,4835084,true,
hill-tx,4835180,true,
erath-tx,4835204,true,
angelina-tx,4835228,true,
travis-tx,4835253,true,
parker-tx,4835254,true,
cass-tx,4835300,true,
morris-tx,4835300,true,
liberty-tx,4835324,true,
harris-tx,4835348,true,
wharton-tx,4835420,true,
harris-tx,4835480,true,
angelina-tx,4835492,true,
walker-tx,4835528,true,
tarrant-tx,4835576,true,
dallas-tx,4835612,true,
williamson-tx,4835624,true,
shelby-tx,4835636,true,
wharton-tx,4835684,true,
lubbock-tx,4835732,true,
cameron-tx,4835754,true,
taylor-tx,4835816,true,
pecos-tx,4835828,true,
hidalgo-tx,4835915,true,
cameron-tx,4835918,true,
polk-tx,4835954,true,
starr-tx,4835966,true,
austin-tx,4835984,true,
victoria-tx,4835996,true,
nueces-tx,4836008,true,
san-patricio-tx,4836008,true,
san-patricio-tx,4836020,true,
kerr-tx,4836032,true,
grimes-tx,4836068,true,
brazoria-tx,4836092,true,
wichita-tx,4836104,true,
pecos-tx,4836128,true,
bosque-tx,4836140,true,
dallas-tx,4837000,true,
ellis-tx,4837072,true,
hill-tx,4837084,true,
tyler-tx,4837112,true,
harris-tx,4837156,true,
jack-tx,4837168,true,
cherokee-tx,4837216,true,
galveston-tx,4837252,true,
starr-tx,4837390,true,
williamson-tx,4837396,true,
jasper-tx,4837420,true,
kent-tx,4837468,true,
marion-tx,4837528,true,
harris-tx,4837612,true,
leon-tx,4837648,true,
starr-tx,4837665,true,
shelby-tx,4837684,true,
blanco-tx,4837780,true,
clay-tx,4837924,true,
brazoria-tx,4837984,true,
travis-tx,4838020,true,
collin-tx,4838068,true,
hunt-tx,4838068,true,
johnson-tx,4838080,true,
atascosa-tx,4838116,true,
cameron-tx,4838168,true,
kimble-tx,4838248,true,
denton-tx,4838332,true,
karnes-tx,4838452,true,
fort-bend-tx,4838476,true,
harris-tx,4838476,true,
waller-tx,4838476,true,
kaufman-tx,4838488,true,
jim-wells-tx,4838518,true,
johnson-tx,4838548,true,
tarrant-tx,4838632,true,
galveston-tx,4838776,true,
kaufman-tx,4838788,true,
lampasas-tx,4838800,true,
fort-bend-tx,4838848,true,
karnes-tx,4838860,true,
liberty-tx,4838872,true,
houston-tx,4838884,true,
tarrant-tx,4838896,true,
navarro-tx,4838992,true,
winkler-tx,4839004,true,
kerr-tx,4839040,true,
gregg-tx,4839124,true,
rusk-tx,4839124,true,
bell-tx,4839148,true,
guadalupe-tx,4839292,true,
llano-tx,4839304,true,
kleberg-tx,4839352,true,
bexar-tx,4839448,true,
jasper-tx,4839460,true,
freestone-tx,4839520,true,
uvalde-tx,4839664,true,
grayson-tx,4839680,true,
knox-tx,4839700,true,
bosque-tx,4839784,true,
limestone-tx,4839844,true,
hardin-tx,4839868,true,
swisher-tx,4839904,true,
denton-tx,4839916,true,
denton-tx,4839928,true,
brazos-tx,4839940,true,
hays-tx,4839952,true,
hidalgo-tx,4839988,true,
starr-tx,4839994,true,
starr-tx,4840000,true,
starr-tx,4840018,true,
bexar-tx,4840036,true,
webb-tx,4840100,true,
hidalgo-tx,4840104,true,
medina-tx,4840108,true,
mclennan-tx,4840168,true,
fannin-tx,4840180,true,
starr-tx,4840186,true,
starr-tx,4840188,true,
cameron-tx,4840204,true,
cameron-tx,4840210,true,
cameron-tx,4840258,true,
starr-tx,4840262,true,
travis-tx,4840264,true,
fayette-tx,4840276,true,
starr-tx,4840288,true,
cameron-tx,4840300,true,
bosque-tx,4840312,true,
hidalgo-tx,4840320,true,
cameron-tx,4840336,true,
hidalgo-tx,4840342,true,
hidalgo-tx,4840384,true,
wise-tx,4840450,true,
brown-tx,4840456,true,
brazos-tx,4840462,true,
gregg-tx,4840468,true,
rusk-tx,4840468,true,
san-patricio-tx,4840472,true,
mitchell-tx,4840475,true,
denton-tx,4840516,true,
guadalupe-tx,4840522,true,
bandera-tx,4840576,true,
brazoria-tx,4840588,true,
cooke-tx,4840624,true,
bandera-tx,4840674,true,
medina-tx,4840674,true,
hutchinson-tx,4840676,true,
gregg-tx,4840696,true,
san-patricio-tx,4840714,true,
san-patricio-tx,4840738,true,
tarrant-tx,4840744,true,
archer-tx,4840756,true,
randall-tx,4840804,true,
hall-tx,4840888,true,
val-verde-tx,4840966,true,
travis-tx,4840984,true,
denton-tx,4841050,true,
tarrant-tx,4841056,true,
starr-tx,4841086,true,
aransas-tx,4841092,true,
galveston-tx,4841116,true,
dawson-tx,4841164,true,
starr-tx,4841170,true,
comanche-tx,4841176,true,
webb-tx,4841180,true,
lampasas-tx,4841188,true,
dallas-tx,4841212,true,
denton-tx,4841404,true,
cameron-tx,4841416,true,
san-patricio-tx,4841420,true,
nueces-tx,4841422,true,
starr-tx,4841424,true,
harris-tx,4841440,true,
webb-tx,4841449,true,
zavala-tx,4841452,true,
starr-tx,4841458,true,
webb-tx,4841464,true,
webb-tx,4841473,true,
webb-tx,4841475,true,
starr-tx,4841503,true,
cameron-tx,4841542,true,
willacy-tx,4841548,true,
webb-tx,4841565,true,
starr-tx,4841566,true,
jim-hogg-tx,4841569,true,
zapata-tx,4841579,true,
cameron-tx,4841580,true,
webb-tx,4841582,true,
maverick-tx,4841583,true,
houston-tx,4841644,true,
cameron-tx,4841660,true,
val-verde-tx,4841704,true,
cameron-tx,4841728,true,
wilson-tx,4841764,true,
starr-tx,4841782,true,
hidalgo-tx,4841788,true,
collin-tx,4841800,true,
jackson-tx,4841848,true,
taylor-tx,4841872,true,
galveston-tx,4841980,true,
harris-tx,4841980,true,
real-tx,4842004,true,
travis-tx,4842016,true,
williamson-tx,4842016,true,
bowie-tx,4842028,true,
gray-tx,4842148,true,
donley-tx,4842244,true,
atascosa-tx,4842256,true,
leon-tx,4842340,true,
fannin-tx,4842352,true,
bexar-tx,4842388,true,
mclennan-tx,4842400,true,
hockley-tx,4842448,true,
dallas-tx,4842508,true,
denton-tx,4842508,true,
lee-tx,4842532,true,
liberty-tx,4842568,true,
gregg-tx,4842616,true,
williamson-tx,4842664,true,
smith-tx,4842820,true,
cass-tx,4842844,true,
cooke-tx,4842868,true,
reeves-tx,4842874,true,
erath-tx,4842880,true,
hidalgo-tx,4842916,true,
hood-tx,4842940,true,
lipscomb-tx,4842952,true,
orange-tx,4843000,true,
denton-tx,4843012,true,
lamb-tx,4843024,true,
bell-tx,4843066,true,
bexar-tx,4843096,true,
brazoria-tx,4843120,true,
polk-tx,4843132,true,
llano-tx,4843144,true,
hidalgo-tx,4843150,true,
wilbarger-tx,4843216,true,
caldwell-tx,4843240,true,
floyd-tx,4843252,true,
henderson-tx,4843354,true,
jackson-tx,4843432,true,
zavala-tx,4843458,true,
san-patricio-tx,4843460,true,
jim-wells-tx,4843462,true,
starr-tx,4843463,true,
starr-tx,4843465,true,
starr-tx,4843474,true,
lampasas-tx,4843516,true,
hunt-tx,4843636,true,
morris-tx,4843684,true,
starr-tx,4843822,true,
gregg-tx,4843888,true,
harrison-tx,4843888,true,
gaines-tx,4843948,true,
zapata-tx,4843960,true,
hidalgo-tx,4843972,true,
mitchell-tx,4843996,true,
mclennan-tx,4844020,true,
crosby-tx,4844032,true,
webb-tx,4844038,true,
starr-tx,4844044,true,
willacy-tx,4844062,true,
webb-tx,4844072,true,
starr-tx,4844075,true,
starr-tx,4844076,true,
webb-tx,4844077,true,
webb-tx,4844079,true,
hidalgo-tx,4844104,true,
starr-tx,4844110,true,
cameron-tx,4844116,true,
webb-tx,4844120,true,
webb-tx,4844123,true,
cameron-tx,4844128,true,
zapata-tx,4844142,true,
webb-tx,4844145,true,
webb-tx,4844146,true,
travis-tx,4844162,true,
webb-tx,4844167,true,
webb-tx,4844168,true,
dawson-tx,4844170,true,
falls-tx,4844176,true,
wharton-tx,4844212,true,
houston-tx,4844260,true,
young-tx,4844284,true,
collin-tx,4844308,true,
cameron-tx,4844344,true,
lubbock-tx,4845000,true,
collin-tx,4845012,true,
jones-tx,4845048,true,
shackelford-tx,4845048,true,
angelina-tx,4845072,true,
caldwell-tx,4845096,true,
guadalupe-tx,4845096,true,
hardin-tx,4845120,true,
willacy-tx,4845228,true,
burleson-tx,4845276,true,
atascosa-tx,4845288,true,
bexar-tx,4845288,true,
medina-tx,4845288,true,
henderson-tx,4845324,true,
kaufman-tx,4845324,true,
van-zandt-tx,4845324,true,
hidalgo-tx,4845384,true,
upton-tx,4845432,true,
fisher-tx,4845444,true,
bastrop-tx,4845564,true,
bexar-tx,4845576,true,
coryell-tx,4845672,true,
mclennan-tx,4845672,true,
collin-tx,4845744,true,
andrews-tx,4845750,true,
gray-tx,4845780,true,
kaufman-tx,4845804,true,
rockwall-tx,4845804,true,
cass-tx,4845816,true,
guadalupe-tx,4845948,true,
madison-tx,4845996,true,
montgomery-tx,4846056,true,
calhoun-tx,4846080,true,
henderson-tx,4846224,true,
hill-tx,4846260,true,
travis-tx,4846308,true,
travis-tx,4846440,true,
ellis-tx,4846452,true,
johnson-tx,4846452,true,
tarrant-tx,4846452,true,
starr-tx,4846492,true,
starr-tx,4846494,true,
brazoria-tx,4846500,true,
brewster-tx,4846572,true,
burnet-tx,4846584,true,
presidio-tx,4846620,true,
cass-tx,4846668,true,
guadalupe-tx,4846692,true,
matagorda-tx,4846716,true,
falls-tx,4846740,true,
leon-tx,4846752,true,
harrison-tx,4846776,true,
limestone-tx,4846824,true,
mclennan-tx,4846824,true,
caldwell-tx,4846848,true,
starr-tx,4846854,true,
mason-tx,4846968,true,
motley-tx,4847004,true,
matagorda-tx,4847016,true,
san-patricio-tx,4847040,true,
bowie-tx,4847088,true,
orange-tx,4847100,true,
brown-tx,4847172,true,
ellis-tx,4847268,true,
terry-tx,4847316,true,
burnet-tx,4847330,true,
fort-bend-tx,4847337,true,
zapata-tx,4847406,true,
archer-tx,4847460,true,
collin-tx,4847496,true,
mcculloch-tx,4847568,true,
hall-tx,4847616,true,
menard-tx,4847628,true,
loving-tx,4847676,true,
hidalgo-tx,4847700,true,
bosque-tx,4847760,true,
taylor-tx,4847796,true,
hill-tx,4847820,true,
irion-tx,4847832,true,
dallas-tx,4847892,true,
kaufman-tx,4847892,true,
starr-tx,4847898,true,
limestone-tx,4847916,true,
roberts-tx,4847988,true,
matagorda-tx,4848048,true,
martin-tx,4848072,true,
midland-tx,4848072,true,
ellis-tx,4848096,true,
madison-tx,4848180,true,
hidalgo-tx,4848272,true,
hidalgo-tx,4848280,true,
starr-tx,4848315,true,
starr-tx,4848318,true,
hidalgo-tx,4848320,true,
sabine-tx,4848324,true,
milam-tx,4848336,true,
navarro-tx,4848372,true,
runnels-tx,4848396,true,
ellis-tx,4848408,true,
titus-tx,4848478,true,
parker-tx,4848564,true,
wood-tx,4848648,true,
palo-pinto-tx,4848684,true,
parker-tx,4848684,true,
palo-pinto-tx,4848720,true,
starr-tx,4848750,true,
webb-tx,4848756,true,
hidalgo-tx,4848768,true,
fort-bend-tx,4848772,true,
harris-tx,4848772,true,
fort-bend-tx,4848804,true,
harris-tx,4848804,true,
wheeler-tx,4848852,true,
rockwall-tx,4848858,true,
ward-tx,4848936,true,
winkler-tx,4848936,true,
montague-tx,4849032,true,
chambers-tx,4849068,true,
liberty-tx,4849068,true,
hidalgo-tx,4849080,true,
montgomery-tx,4849128,true,
mclennan-tx,4849200,true,
frio-tx,4849224,true,
henderson-tx,4849272,true,
starr-tx,4849300,true,
zapata-tx,4849314,true,
shackelford-tx,4849320,true,
bosque-tx,4849356,true,
san-patricio-tx,4849359,true,
chambers-tx,4849380,true,
harris-tx,4849380,true,
bell-tx,4849392,true,
el-paso-tx,4849411,true,
hansford-tx,4849440,true,
cochran-tx,4849464,true,
bosque-tx,4849512,true,
lavaca-tx,4849560,true,
coryell-tx,4849572,true,
hays-tx,4849600,true,
hill-tx,4849692,true,
rusk-tx,4849728,true,
titus-tx,4849800,true,
franklin-tx,4849860,true,
cooke-tx,4849932,true,
bailey-tx,4849968,true,
mills-tx,4849992,true,
knox-tx,4850040,true,
hidalgo-tx,4850058,true,
henderson-tx,4850076,true,
hidalgo-tx,4850092,true,
collin-tx,4850100,true,
bastrop-tx,4850200,true,
caldwell-tx,4850200,true,
travis-tx,4850200,true,
cooke-tx,4850220,true,
van-zandt-tx,4850232,true,
nacogdoches-tx,4850256,true,
colorado-tx,4850268,true,
morris-tx,4850316,true,
starr-tx,4850322,true,
bowie-tx,4850352,true,
harris-tx,4850376,true,
medina-tx,4850400,true,
navarro-tx,4850448,true,
brazos-tx,4850472,true,
grimes-tx,4850472,true,
castro-tx,4850496,true,
anderson-tx,4850544,true,
jefferson-tx,4850580,true,
fort-bend-tx,4850628,true,
starr-tx,4850742,true,
collin-tx,4850760,true,
tarrant-tx,4850772,true,
wise-tx,4850772,true,
guadalupe-tx,4850796,true,
bowie-tx,4850808,true,
comal-tx,4850820,true,
guadalupe-tx,4850820,true,
young-tx,4850868,true,
smith-tx,4850876,true,
lubbock-tx,4850916,true,
denton-tx,4850920,true,
wise-tx,4850920,true,
zapata-tx,4850924,true,
lynn-tx,4851012,true,
collin-tx,4851036,true,
rusk-tx,4851168,true,
cherokee-tx,4851336,true,
newton-tx,4851372,true,
austin-tx,4851384,true,
walker-tx,4851396,true,
hunt-tx,4851444,true,
caldwell-tx,4851492,true,
hays-tx,4851492,true,
starr-tx,4851552,true,
gonzales-tx,4851588,true,
wilson-tx,4851588,true,
montague-tx,4851648,true,
montague-tx,4851654,true,
bell-tx,4851708,true,
jefferson-tx,4851720,true,
smith-tx,4851756,true,
dewitt-tx,4851792,true,
maverick-tx,4851828,true,
leon-tx,4851840,true,
madison-tx,4851840,true,
bee-tx,4851852,true,
hidalgo-tx,4851900,true,
liberty-tx,4851984,true,
starr-tx,4852068,true,
denton-tx,4852212,true,
frio-tx,4852302,true,
tarrant-tx,4852356,true,
nueces-tx,4852404,true,
coleman-tx,4852668,true,
kaufman-tx,4852902,true,
san-jacinto-tx,4852992,true,
chambers-tx,4853004,true,
ellis-tx,4853115,true,
denton-tx,4853130,true,
cooke-tx,4853154,true,
kaufman-tx,4853160,true,
montgomery-tx,4853190,true,
hood-tx,4853212,true,
navarro-tx,4853217,true,
freestone-tx,4853232,true,
leon-tx,4853232,true,
haskell-tx,4853304,true,
san-patricio-tx,4853376,true,
ector-tx,4853388,true,
midland-tx,4853388,true,
dawson-tx,4853436,true,
lynn-tx,4853436,true,
coryell-tx,4853520,true,
webb-tx,4853556,true,
wilbarger-tx,4853616,true,
chambers-tx,4853824,true,
liberty-tx,4853824,true,
hidalgo-tx,4853934,true,
starr-tx,4853946,true,
cameron-tx,4853964,true,
starr-tx,4853970,true,
bexar-tx,4853988,true,
young-tx,4854000,true,
lamb-tx,4854012,true,
morris-tx,4854024,true,
polk-tx,4854048,true,
hockley-tx,4854075,true,
orange-tx,4854132,true,
jim-wells-tx,4854168,true,
cameron-tx,4854186,true,
fort-bend-tx,4854192,true,
upshur-tx,4854216,true,
rusk-tx,4854432,true,
smith-tx,4854432,true,
dallas-tx,4854444,true,
ellis-tx,4854444,true,
jim-wells-tx,4854509,true,
brazoria-tx,4854528,true,
crockett-tx,4854552,true,
starr-tx,4854558,true,
cottle-tx,4854600,true,
bastrop-tx,4854624,true,
concho-tx,4854636,true,
san-patricio-tx,4854666,true,
matagorda-tx,4854684,true,
anderson-tx,4854708,true,
randall-tx,4854726,true,
ellis-tx,4854744,true,
cameron-tx,4854748,true,
hidalgo-tx,4854780,true,
cameron-tx,4854798,true,
hidalgo-tx,4854804,true,
hidalgo-tx,4854810,true,
starr-tx,4854846,true,
denton-tx,4854868,true,
denton-tx,4854872,true,
palo-pinto-tx,4854876,true,
gray-tx,4854912,true,
carson-tx,4854960,true,
montgomery-tx,4855008,true,
tarrant-tx,4855020,true,
wise-tx,4855056,true,
lamar-tx,4855080,true,
collin-tx,4855152,true,
harris-tx,4856000,true,
waller-tx,4856108,true,
montgomery-tx,4856156,true,
bee-tx,4856252,true,
henderson-tx,4856276,true,
brazoria-tx,4856348,true,
fort-bend-tx,4856348,true,
harris-tx,4856348,true,
frio-tx,4856384,true,
parker-tx,4856432,true,
tarrant-tx,4856462,true,
wise-tx,4856462,true,
delta-tx,4856468,true,
fannin-tx,4856468,true,
fort-bend-tx,4856482,true,
ellis-tx,4856485,true,
hood-tx,4856498,true,
johnson-tx,4856498,true,
tarrant-tx,4856640,true,
starr-tx,4856644,true,
bell-tx,4856660,true,
hill-tx,4856672,true,
hidalgo-tx,4856696,true,
hidalgo-tx,4856804,true,
jack-tx,4856864,true,
ochiltree-tx,4856912,true,
hale-tx,4856996,true,
clay-tx,4857044,true,
nueces-tx,4857056,true,
bee-tx,4857116,true,
lamar-tx,4857128,true,
travis-tx,4857176,true,
williamson-tx,4857176,true,
hidalgo-tx,4857200,true,
cooke-tx,4857476,true,
denton-tx,4857476,true,
grayson-tx,4857476,true,
grimes-tx,4857494,true,
orange-tx,4857524,true,
marion-tx,4857566,true,
montgomery-tx,4857596,true,
orange-tx,4857608,true,
waller-tx,4857615,true,
sabine-tx,4857644,true,
hardin-tx,4857752,true,
harris-tx,4857800,true,
camp-tx,4857908,true,
victoria-tx,4857932,true,
yoakum-tx,4857968,true,
hale-tx,4857980,true,
collin-tx,4858016,true,
denton-tx,4858016,true,
grimes-tx,4858040,true,
fort-bend-tx,4858088,true,
polk-tx,4858232,true,
atascosa-tx,4858280,true,
wichita-tx,4858400,true,
fayette-tx,4858436,true,
liberty-tx,4858448,true,
hunt-tx,4858502,true,
kaufman-tx,4858502,true,
rains-tx,4858532,true,
san-jacinto-tx,4858556,true,
calhoun-tx,4858568,true,
travis-tx,4858586,true,
denton-tx,4858664,true,
nueces-tx,4858808,true,
jefferson-tx,4858820,true,
orange-tx,4858820,true,
montgomery-tx,4858850,true,
cameron-tx,4858892,true,
nueces-tx,4858904,true,
san-patricio-tx,4858904,true,
calhoun-tx,4858916,true,
willacy-tx,4858928,true,
jefferson-tx,4858940,true,
calhoun-tx,4858952,true,
garza-tx,4859012,true,
kaufman-tx,4859065,true,
atascosa-tx,4859084,true,
wilson-tx,4859096,true,
taylor-tx,4859108,true,
grayson-tx,4859132,true,
lamar-tx,4859156,true,
navarro-tx,4859168,true,
henderson-tx,4859192,true,
el-paso-tx,4859210,true,
milam-tx,4859216,true,
waller-tx,4859336,true,
jim-wells-tx,4859384,true,
presidio-tx,4859396,true,
grayson-tx,4859420,true,
mills-tx,4859528,true,
cameron-tx,4859540,true,
collin-tx,4859576,true,
comanche-tx,4859612,true,
hidalgo-tx,4859636,true,
hidalgo-tx,4859642,true,
collin-tx,4859696,true,
denton-tx,4859696,true,
denton-tx,4859748,true,
webb-tx,4859794,true,
webb-tx,4859798,true,
callahan-tx,4859984,true,
ward-tx,4859996,true,
collingsworth-tx,4860020,true,
victoria-tx,4860026,true,
hardeman-tx,4860044,true,
cass-tx,4860080,true,
maverick-tx,4860092,true,
starr-tx,4860098,true,
hunt-tx,4860140,true,
brazoria-tx,4860164,true,
briscoe-tx,4860176,true,
wood-tx,4860188,true,
maverick-tx,4860278,true,
starr-tx,4860290,true,
crosby-tx,4860356,true,
zapata-tx,4860380,true,
starr-tx,4860408,true,
starr-tx,4860422,true,
willacy-tx,4860458,true,
starr-tx,4860478,true,
webb-tx,4860480,true,
webb-tx,4860482,true,
jim-wells-tx,4860518,true,
nueces-tx,4860529,true,
san-patricio-tx,4860534,true,
webb-tx,4860539,true,
cameron-tx,4860544,true,
starr-tx,4860554,true,
bexar-tx,4860608,true,
eastland-tx,4860632,true,
upton-tx,4860668,true,
lubbock-tx,4860672,true,
cameron-tx,4860686,true,
fannin-tx,4860752,true,
willacy-tx,4860836,true,
duval-tx,4860932,true,
nacogdoches-tx,4861040,true,
presidio-tx,4861076,true,
angelina-tx,4861124,true,
bowie-tx,4861172,true,
ellis-tx,4861196,true,
bastrop-tx,4861280,true,
bowie-tx,4861340,true,
guadalupe-tx,4861352,true,
refugio-tx,4861436,true,
starr-tx,4861454,true,
cameron-tx,4861466,true,
cherokee-tx,4861508,true,
rusk-tx,4861508,true,
hidalgo-tx,4861532,true,
tarrant-tx,4861568,true,
lamar-tx,4861592,true,
parker-tx,4861604,true,
tarrant-tx,4861604,true,
navarro-tx,4861616,true,
wise-tx,4861700,true,
kleberg-tx,4861724,true,
navarro-tx,4861736,true,
cameron-tx,4861766,true,
grimes-tx,4861784,true,
collin-tx,4861796,true,
dallas-tx,4861796,true,
navarro-tx,4861820,true,
tarrant-tx,4861844,true,
san-saba-tx,4861880,true,
fort-bend-tx,4861892,true,
brazoria-tx,4861904,true,
mclennan-tx,4862108,true,
montague-tx,4862132,true,
webb-tx,4862138,true,
starr-tx,4862168,true,
cameron-tx,4862180,true,
johnson-tx,4862240,true,
eastland-tx,4862252,true,
starr-tx,4862318,true,
tarrant-tx,4862384,true,
walker-tx,4862408,true,
kleberg-tx,4862468,true,
cooke-tx,4862486,true,
denton-tx,4862504,true,
tarrant-tx,4862504,true,
motley-tx,4862528,true,
coke-tx,4862564,true,
mclennan-tx,4862588,true,
nueces-tx,4862600,true,
fisher-tx,4862612,true,
mcculloch-tx,4862624,true,
haskell-tx,4862636,true,
milam-tx,4862672,true,
colorado-tx,4862732,true,
aransas-tx,4862804,true,
edwards-tx,4862816,true,
rockwall-tx,4862828,true,
randall-tx,4862834,true,
camp-tx,4862870,true,
bell-tx,4862924,true,
travis-tx,4863008,true,
starr-tx,4863020,true,
montgomery-tx,4863044,true,
hockley-tx,4863140,true,
bastrop-tx,4863164,true,
nolan-tx,4863176,true,
falls-tx,4863188,true,
orange-tx,4863200,true,
hardin-tx,4863272,true,
fort-bend-tx,4863284,true,
brazoria-tx,4863332,true,
maverick-tx,4863350,true,
mclennan-tx,4863380,true,
kaufman-tx,4863404,true,
fisher-tx,4863464,true,
blanco-tx,4863476,true,
travis-tx,4863500,true,
williamson-tx,4863500,true,
fayette-tx,4863524,true,
runnels-tx,4863560,true,
dallas-tx,4863572,true,
rockwall-tx,4863572,true,
lamar-tx,4863584,true,
collin-tx,4863668,true,
hunt-tx,4863668,true,
rockwall-tx,4863668,true,
haskell-tx,4863752,true,
wise-tx,4863782,true,
karnes-tx,4863788,true,
cherokee-tx,4863848,true,
uvalde-tx,4864004,true,
collin-tx,4864064,true,
dallas-tx,4864064,true,
grayson-tx,4864088,true,
tarrant-tx,4864112,true,
bexar-tx,4864172,true,
montague-tx,4864184,true,
collin-tx,4864220,true,
san-patricio-tx,4864244,true,
bell-tx,4864268,true,
hidalgo-tx,4864307,true,
starr-tx,4864316,true,
starr-tx,4864322,true,
starr-tx,4864442,true,
collingsworth-tx,4864448,true,
jasper-tx,4864460,true,
tom-green-tx,4864472,true,
bexar-tx,4865000,true,
comal-tx,4865000,true,
medina-tx,4865000,true,
san-augustine-tx,4865024,true,
cameron-tx,4865036,true,
hidalgo-tx,4865048,true,
webb-tx,4865049,true,
webb-tx,4865050,true,
parker-tx,4865066,true,
terrell-tx,4865084,true,
jim-wells-tx,4865168,true,
duval-tx,4865180,true,
jim-wells-tx,4865180,true,
starr-tx,4865210,true,
howard-tx,4865240,true,
nueces-tx,4865342,true,
bexar-tx,4865344,true,
brazoria-tx,4865345,true,
el-paso-tx,4865360,true,
austin-tx,4865372,true,
starr-tx,4865378,true,
hutchinson-tx,4865384,true,
cooke-tx,4865408,true,
denton-tx,4865408,true,
starr-tx,4865432,true,
hidalgo-tx,4865516,true,
starr-tx,4865532,true,
travis-tx,4865552,true,
galveston-tx,4865564,true,
caldwell-tx,4865600,true,
guadalupe-tx,4865600,true,
hays-tx,4865600,true,
san-patricio-tx,4865612,true,
cameron-tx,4865620,true,
willacy-tx,4865636,true,
san-saba-tx,4865648,true,
tarrant-tx,4865660,true,
coleman-tx,4865672,true,
starr-tx,4865678,true,
guadalupe-tx,4865690,true,
starr-tx,4865708,true,
galveston-tx,4865726,true,
cameron-tx,4865744,true,
willacy-tx,4865756,true,
williamson-tx,4865762,true,
cameron-tx,4865768,true,
starr-tx,4865774,true,
starr-tx,4865777,true,
palo-pinto-tx,4865780,true,
zapata-tx,4865792,true,
matagorda-tx,4865864,true,
kenedy-tx,4865876,true,
denton-tx,4866000,true,
fannin-tx,4866008,true,
bexar-tx,4866089,true,
bexar-tx,4866128,true,
comal-tx,4866128,true,
guadalupe-tx,4866128,true,
fayette-tx,4866188,true,
hidalgo-tx,4866248,true,
archer-tx,4866284,true,
harrison-tx,4866332,true,
kaufman-tx,4866368,true,
chambers-tx,4866392,true,
harris-tx,4866392,true,
calhoun-tx,4866416,true,
dallas-tx,4866428,true,
kaufman-tx,4866428,true,
gaines-tx,4866440,true,
austin-tx,4866464,true,
willacy-tx,4866512,true,
maverick-tx,4866536,true,
guadalupe-tx,4866644,true,
collin-tx,4866686,true,
bexar-tx,4866704,true,
comal-tx,4866704,true,
guadalupe-tx,4866704,true,
gaines-tx,4866764,true,
williamson-tx,4866806,true,
hale-tx,4866848,true,
polk-tx,4866884,true,
henderson-tx,4866908,true,
kaufman-tx,4866908,true,
baylor-tx,4866968,true,
cherokee-tx,4867010,true,
travis-tx,4867082,true,
denton-tx,4867100,true,
lubbock-tx,4867136,true,
wheeler-tx,4867160,true,
bexar-tx,4867268,true,
pecos-tx,4867340,true,
shelby-tx,4867364,true,
harris-tx,4867376,true,
montgomery-tx,4867400,true,
san-jacinto-tx,4867424,true,
colorado-tx,4867472,true,
grayson-tx,4867496,true,
grayson-tx,4867554,true,
lavaca-tx,4867640,true,
grimes-tx,4867664,true,
chambers-tx,4867688,true,
harris-tx,4867688,true,
fort-bend-tx,4867763,true,
hudspeth-tx,4867772,true,
maverick-tx,4867775,true,
zapata-tx,4867778,true,
hardin-tx,4867832,true,
briscoe-tx,4867904,true,
fort-bend-tx,4867964,true,
san-patricio-tx,4868036,true,
carson-tx,4868120,true,
bee-tx,4868132,true,
lubbock-tx,4868180,true,
gonzales-tx,4868300,true,
bastrop-tx,4868456,true,
hockley-tx,4868504,true,
burleson-tx,4868576,true,
scurry-tx,4868624,true,
el-paso-tx,4868636,true,
cameron-tx,4868678,true,
bexar-tx,4868708,true,
burleson-tx,4868720,true,
sutton-tx,4868756,true,
williamson-tx,4868762,true,
hardin-tx,4868828,true,
hidalgo-tx,4868846,true,
jim-hogg-tx,4868966,true,
austin-tx,4868978,true,
harris-tx,4869020,true,
denton-tx,4869032,true,
tarrant-tx,4869032,true,
jim-wells-tx,4869072,true,
grayson-tx,4869104,true,
coryell-tx,4869120,true,
cameron-tx,4869140,true,
cameron-tx,4869194,true,
harris-tx,4869272,true,
newton-tx,4869326,true,
ward-tx,4869353,true,
lamb-tx,4869380,true,
el-paso-tx,4869432,true,
hansford-tx,4869476,true,
montgomery-tx,4869548,true,
kinney-tx,4869560,true,
harris-tx,4869596,true,
comal-tx,4869608,true,
nueces-tx,4869708,true,
lamb-tx,4869764,true,
parker-tx,4869800,true,
wise-tx,4869800,true,
harris-tx,4869830,true,
dickens-tx,4869848,true,
fort-bend-tx,4869908,true,
harris-tx,4869908,true,
montgomery-tx,4869932,true,
haskell-tx,4869980,true,
jones-tx,4869980,true,
martin-tx,4870040,true,
guadalupe-tx,4870052,true,
henderson-tx,4870076,true,
travis-tx,4870154,true,
erath-tx,4870208,true,
sterling-tx,4870232,true,
hutchinson-tx,4870340,true,
wilson-tx,4870376,true,
hood-tx,4870406,true,
gillespie-tx,4870460,true,
chambers-tx,4870520,true,
sherman-tx,4870544,true,
palo-pinto-tx,4870580,true,
freestone-tx,4870604,true,
navarro-tx,4870604,true,
brewster-tx,4870688,true,
lamb-tx,4870772,true,
fort-bend-tx,4870808,true,
hidalgo-tx,4870868,true,
hopkins-tx,4870904,true,
castro-tx,4870940,true,
hockley-tx,4871060,true,
dallas-tx,4871156,true,
moore-tx,4871180,true,
llano-tx,4871228,true,
henderson-tx,4871236,true,
montague-tx,4871264,true,
starr-tx,4871274,true,
webb-tx,4871289,true,
travis-tx,4871324,true,
lamar-tx,4871356,true,
brazoria-tx,4871384,true,
brazoria-tx,4871492,true,
nolan-tx,4871540,true,
fisher-tx,4871636,true,
san-patricio-tx,4871684,true,
san-patricio-tx,4871696,true,
lynn-tx,4871708,true,
titus-tx,4871732,true,
kaufman-tx,4871756,true,
webb-tx,4871820,true,
webb-tx,4871824,true,
panola-tx,4871924,true,
rusk-tx,4871924,true,
williamson-tx,4871948,true,
harris-tx,4871960,true,
jefferson-tx,4871966,true,
freestone-tx,4872020,true,
limestone-tx,4872080,true,
bell-tx,4872176,true,
shelby-tx,4872188,true,
brewster-tx,4872248,true,
kaufman-tx,4872284,true,
bexar-tx,4872296,true,
bowie-tx,4872368,true,
chambers-tx,4872392,true,
galveston-tx,4872392,true,
sherman-tx,4872464,true,
dallam-tx,4872476,true,
denton-tx,4872530,true,
travis-tx,4872578,true,
johnson-tx,4872581,true,
harris-tx,4872656,true,
montgomery-tx,4872656,true,
fort-bend-tx,4872740,true,
jim-hogg-tx,4872758,true,
milam-tx,4872776,true,
williamson-tx,4872776,true,
limestone-tx,4872788,true,
ward-tx,4872800,true,
williamson-tx,4872824,true,
live-oak-tx,4872872,true,
throckmorton-tx,4872896,true,
brown-tx,4872902,true,
cameron-tx,4872948,true,
starr-tx,4872950,true,
nueces-tx,4872952,true,
nueces-tx,4872954,true,
galveston-tx,4872989,true,
mcmullen-tx,4872992,true,
randall-tx,4873030,true,
bexar-tx,4873057,true,
shelby-tx,4873076,true,
grayson-tx,4873112,true,
hopkins-tx,4873124,true,
refugio-tx,4873148,true,
lamar-tx,4873196,true,
grimes-tx,4873224,true,
hood-tx,4873268,true,
harris-tx,4873316,true,
montgomery-tx,4873316,true,
grayson-tx,4873328,true,
henderson-tx,4873352,true,
el-paso-tx,4873376,true,
llano-tx,4873424,true,
reeves-tx,4873493,true,
reeves-tx,4873496,true,
san-patricio-tx,4873526,true,
kaufman-tx,4873562,true,
taylor-tx,4873580,true,
collin-tx,4873592,true,
fannin-tx,4873592,true,
grayson-tx,4873592,true,
henderson-tx,4873652,true,
trinity-tx,4873664,true,
denton-tx,4873710,true,
tarrant-tx,4873710,true,
cherokee-tx,4873724,true,
smith-tx,4873724,true,
bell-tx,4873748,true,
bee-tx,4873856,true,
swisher-tx,4873868,true,
bee-tx,4873904,true,
burleson-tx,4873928,true,
hall-tx,4873964,true,
taylor-tx,4874048,true,
taylor-tx,4874132,true,
smith-tx,4874144,true,
bee-tx,4874168,true,
caldwell-tx,4874216,true,
hays-tx,4874216,true,
randall-tx,4874228,true,
harrison-tx,4874240,true,
upshur-tx,4874312,true,
hunt-tx,4874372,true,
bexar-tx,4874408,true,
guadalupe-tx,4874408,true,
dallas-tx,4874492,true,
uvalde-tx,4874576,true,
uvalde-tx,4874588,true,
uvalde-tx,4874594,true,
jeff-davis-tx,4874648,true,
coleman-tx,4874660,true,
starr-tx,4874667,true,
webb-tx,4874668,true,
starr-tx,4874670,true,
bosque-tx,4874732,true,
mclennan-tx,4874732,true,
cooke-tx,4874756,true,
val-verde-tx,4874895,true,
van-zandt-tx,4874912,true,
collin-tx,4874924,true,
grayson-tx,4874924,true,
jackson-tx,4874984,true,
culberson-tx,4875032,true,
matagorda-tx,4875068,true,
oldham-tx,4875188,true,
ellis-tx,4875236,true,
johnson-tx,4875236,true,
wilbarger-tx,4875308,true,
victoria-tx,4875428,true,
starr-tx,4875432,true,
orange-tx,4875476,true,
cameron-tx,4875554,true,
cameron-tx,4875614,true,
starr-tx,4875617,true,
hidalgo-tx,4875626,true,
el-paso-tx,4875668,true,
travis-tx,4875752,true,
bexar-tx,4875764,true,
mclennan-tx,4876000,true,
matagorda-tx,4876012,true,
gonzales-tx,4876024,true,
ochiltree-tx,4876048,true,
bowie-tx,4876096,true,
harris-tx,4876228,true,
waller-tx,4876228,true,
austin-tx,4876240,true,
bosque-tx,4876348,true,
tyler-tx,4876564,true,
gregg-tx,4876576,true,
upshur-tx,4876576,true,
armstrong-tx,4876612,true,
harrison-tx,4876636,true,
tarrant-tx,4876672,true,
ellis-tx,4876816,true,
parker-tx,4876864,true,
travis-tx,4876924,true,
harris-tx,4876948,true,
colorado-tx,4877020,true,
haskell-tx,4877044,true,
williamson-tx,4877056,true,
dawson-tx,4877080,true,
collingsworth-tx,4877152,true,
terry-tx,4877164,true,
cherokee-tx,4877176,true,
travis-tx,4877196,true,
hidalgo-tx,4877272,true,
mclennan-tx,4877332,true,
starr-tx,4877336,true,
mitchell-tx,4877380,true,
brazoria-tx,4877416,true,
jim-wells-tx,4877422,true,
parker-tx,4877490,true,
denton-tx,4877620,true,
tarrant-tx,4877620,true,
travis-tx,4877632,true,
polk-tx,4877662,true,
collin-tx,4877680,true,
ector-tx,4877728,true,
collin-tx,4877740,true,
fort-bend-tx,4877746,true,
orange-tx,4877752,true,
tarrant-tx,4877788,true,
hidalgo-tx,4877866,true,
hunt-tx,4877896,true,
harris-tx,4877956,true,
el-paso-tx,4878016,true,
trinity-tx,4878040,true,
tarrant-tx,4878076,true,
wharton-tx,4878136,true,
wheeler-tx,4878208,true,
carson-tx,4878316,true,
cochran-tx,4878328,true,
smith-tx,4878388,true,
gregg-tx,4878436,true,
grayson-tx,4878532,true,
tarrant-tx,4878544,true,
fannin-tx,4878628,true,
grayson-tx,4878628,true,
hockley-tx,4878640,true,
hill-tx,4878664,true,
clay-tx,4879000,true,
wichita-tx,4879000,true,
ward-tx,4879036,true,
oldham-tx,4879180,true,
brazoria-tx,4879192,true,
hardin-tx,4879204,true,
tyler-tx,4879204,true,
montgomery-tx,4879408,true,
mclennan-tx,4879456,true,
parker-tx,4879492,true,
van-zandt-tx,4879564,true,
dallas-tx,4879576,true,
lynn-tx,4879612,true,
hays-tx,4879624,true,
bexar-tx,4879672,true,
fannin-tx,4879684,true,
archer-tx,4879696,true,
clay-tx,4879696,true,
titus-tx,4879720,true,
runnels-tx,4879756,true,
winkler-tx,4879768,true,
chambers-tx,4879792,true,
franklin-tx,4879816,true,
wood-tx,4879816,true,
smith-tx,4879828,true,
runnels-tx,4879876,true,
brazos-tx,4879919,true,
hunt-tx,4879948,true,
lubbock-tx,4879972,true,
montgomery-tx,4880044,true,
hays-tx,4880058,true,
montgomery-tx,4880144,true,
refugio-tx,4880176,true,
throckmorton-tx,4880188,true,
tyler-tx,4880212,true,
mclennan-tx,4880224,true,
freestone-tx,4880296,true,
bastrop-tx,4880350,true,
collin-tx,4880356,true,
dallas-tx,4880356,true,
rockwall-tx,4880356,true,
medina-tx,4880428,true,
wood-tx,4880440,true,
dewitt-tx,4880560,true,
lavaca-tx,4880560,true,
dewitt-tx,4880584,true,
cameron-tx,4880686,true,
zapata-tx,4880716,true,
willacy-tx,4880722,true,
starr-tx,4880724,true,
angelina-tx,4880728,true,
brown-tx,4880740,true,
guadalupe-tx,4880836,true,
