countyFips,countyName,query,providerCertifiedCandidateCount,providerCanonicalCount,normalizedCount,containedCount,countyQualifiedCount,intentAcceptedCount,qualityAcceptedCount,dedupedCount,publicationEligibleCount,finalPublishedCount,title,county,state,countyId,latitude,longitude,structuredGeographyUsed,missingIntentTerms,firstLosingStage,rejectionCode,classification
"48001","Anderson","Anderson County Courthouse, Anderson County, Texas","1","1","1","1","1","1","1","1","1","1","Anderson County Courthouse","Anderson County","Texas","anderson-tx","31.7649259","-95.6261568","true","","","","PASS"
"48003","Andrews","Andrews County Courthouse, Andrews County, Texas","1","1","1","1","1","1","1","1","1","1","Andrews County Courthouse","Andrews County","Texas","andrews-tx","32.3201373","-102.5476518","true","","","","PASS"
"48005","Angelina","Angelina County Courthouse, Angelina County, Texas","1","1","1","1","1","1","1","1","1","1","Angelina County Courthouse","Angelina County","Texas","angelina-tx","31.3390773","-94.7270406","true","","","","PASS"
"48007","Aransas","Aransas County Courthouse, Aransas County, Texas","1","1","1","1","1","1","1","1","1","1","Aransas County Courthouse","Aransas County","Texas","aransas-tx","28.0564213","-97.0405238","true","","","","PASS"
"48009","Archer","Archer County Courthouse, Archer County, Texas","1","1","1","1","1","1","1","1","1","1","Archer County Courthouse and Jail","Archer County","Texas","archer-tx","33.5951085","-98.6252247","true","","","","PASS"
"48011","Armstrong","Armstrong County Courthouse, Armstrong County, Texas","1","1","1","1","1","1","1","1","1","1","Armstrong County Courthouse","Armstrong County","Texas","armstrong-tx","35.1093044","-101.3589122","true","","","","PASS"
"48013","Atascosa","Atascosa County Courthouse, Atascosa County, Texas","1","1","1","1","1","1","1","1","1","1","Atascosa County Courthouse","Atascosa County","Texas","atascosa-tx","28.9185186","-98.5454279","true","","","","PASS"
"48015","Austin","Austin County Courthouse, Austin County, Texas","1","1","1","1","1","1","1","1","1","1","Austin County Courthouse","Austin County","Texas","austin-tx","29.9503351","-96.2573093","true","","","","PASS"
"48017","Bailey","Bailey County Courthouse, Bailey County, Texas","1","1","1","1","1","1","1","1","1","1","Bailey County Courthouse","Bailey County","Texas","bailey-tx","34.2244878","-102.7262462","true","","","","PASS"
"48019","Bandera","Bandera County Courthouse, Bandera County, Texas","1","1","1","1","1","1","1","1","1","1","Bandera County Courthouse","Bandera County","Texas","bandera-tx","29.7265977","-99.0726177","true","","","","PASS"
"48021","Bastrop","Bastrop County Courthouse, Bastrop County, Texas","1","1","1","1","1","1","1","1","1","1","Bastrop County Courthouse","Bastrop County","Texas","bastrop-tx","30.1088969","-97.31812","true","","","","PASS"
"48023","Baylor","Baylor County Courthouse, Baylor County, Texas","1","1","1","1","1","1","1","1","1","1","Baylor County Courthouse","Baylor County","Texas","baylor-tx","33.5874374","-99.2609077","true","","","","PASS"
"48025","Bee","Bee County Courthouse, Bee County, Texas","1","1","1","1","1","1","1","1","1","1","Bee County Courthouse","Bee County","Texas","bee-tx","28.4013208","-97.7483637","true","","","","PASS"
"48027","Bell","Bell County Courthouse, Bell County, Texas","1","1","1","1","1","1","1","1","1","1","Bell County Courthouse","Bell County","Texas","bell-tx","31.0559328","-97.4634392","true","","","","PASS"
"48029","Bexar","Bexar County Courthouse, Bexar County, Texas","1","1","1","1","1","1","1","1","1","1","Bexar County Courthouse","Bexar County","Texas","bexar-tx","29.423256","-98.49364","true","","","","PASS"
"48031","Blanco","Blanco County Courthouse, Blanco County, Texas","1","1","1","1","1","1","1","1","1","1","Blanco County Courthouse","Blanco County","Texas","blanco-tx","30.278134","-98.4114593","true","","","","PASS"
"48033","Borden","Borden County Courthouse, Borden County, Texas","1","1","1","1","1","1","1","1","1","1","Borden County Courthouse","Borden County","Texas","borden-tx","32.7699618","-101.4449328","true","","","","PASS"
"48035","Bosque","Bosque County Courthouse, Bosque County, Texas","1","1","1","1","1","1","1","1","1","1","Bosque County Courthouse","Bosque County","Texas","bosque-tx","31.9227883","-97.6572866","true","","","","PASS"
"48037","Bowie","Bowie County Courthouse, Bowie County, Texas","1","1","1","1","1","1","1","1","1","1","Bowie County Courthouse","Bowie County","Texas","bowie-tx","33.472708","-94.4058","true","","","","PASS"
"48039","Brazoria","Brazoria County Courthouse, Brazoria County, Texas","1","1","1","1","1","1","1","1","1","1","Brazoria County Courthouse","Brazoria County","Texas","brazoria-tx","29.1680796","-95.4313063","true","","","","PASS"
"48041","Brazos","Brazos County Courthouse, Brazos County, Texas","1","1","1","1","1","1","1","1","1","1","Brazos County Courthouse","Brazos County","Texas","brazos-tx","30.6738777","-96.3705997","true","","","","PASS"
"48043","Brewster","Brewster County Courthouse, Brewster County, Texas","1","1","1","1","1","1","1","1","1","1","Brewster County Courthouse","Brewster County","Texas","brewster-tx","30.3583211","-103.6633322","true","","","","PASS"
"48045","Briscoe","Briscoe County Courthouse, Briscoe County, Texas","1","1","1","1","1","1","1","1","1","1","Briscoe County Courthouse","Briscoe County","Texas","briscoe-tx","34.4735908","-101.3032982","true","","","","PASS"
"48047","Brooks","Brooks County Courthouse, Brooks County, Texas","1","1","1","1","1","1","1","1","1","1","Brooks County Courthouse","Brooks County","Texas","brooks-tx","27.2254824","-98.1439724","true","","","","PASS"
"48049","Brown","Brown County Courthouse, Brown County, Texas","1","1","1","1","1","1","1","1","1","1","Brown County Courthouse","Brown County","Texas","brown-tx","31.7230605","-98.9803263","true","","","","PASS"
"48051","Burleson","Burleson County Courthouse, Burleson County, Texas","1","1","1","1","1","1","1","1","1","1","Burleson County Courthouse","Burleson County","Texas","burleson-tx","30.5320885","-96.6932114","true","","","","PASS"
"48053","Burnet","Burnet County Courthouse, Burnet County, Texas","1","1","1","1","1","1","1","1","1","1","Burnet County Courthouse","Burnet County","Texas","burnet-tx","30.7570145","-98.2268709","true","","","","PASS"
"48055","Caldwell","Caldwell County Courthouse, Caldwell County, Texas","1","1","1","1","1","1","1","1","1","1","Caldwell County Courthouse","Caldwell County","Texas","caldwell-tx","29.8843503","-97.6718324","true","","","","PASS"
"48057","Calhoun","Calhoun County Courthouse, Calhoun County, Texas","1","1","1","1","1","1","1","1","1","1","Calhoun County Courthouse","Calhoun County","Texas","calhoun-tx","28.6127351","-96.6260865","true","","","","PASS"
"48059","Callahan","Callahan County Courthouse, Callahan County, Texas","1","1","1","1","1","1","1","1","1","1","Callahan County Courthouse","Callahan County","Texas","callahan-tx","32.3948577","-99.3942971","true","","","","PASS"
"48061","Cameron","Cameron County Courthouse, Cameron County, Texas","1","1","1","1","1","1","1","1","1","1","Cameron County Courthouse","Cameron County","Texas","cameron-tx","25.907649","-97.4949129","true","","","","PASS"
"48063","Camp","Camp County Courthouse, Camp County, Texas","1","1","1","1","1","1","1","1","1","1","Camp County Courthouse","Camp County","Texas","camp-tx","32.9960169","-94.9657263","true","","","","PASS"
"48065","Carson","Carson County Courthouse, Carson County, Texas","1","1","1","1","1","1","1","1","1","1","Carson County Courthouse","Carson County","Texas","carson-tx","35.3456719","-101.3816234","true","","","","PASS"
"48067","Cass","Cass County Courthouse, Cass County, Texas","1","1","1","1","1","1","1","1","1","1","Cass County Courthouse","Cass County","Texas","cass-tx","33.0112175","-94.3649521","true","","","","PASS"
"48069","Castro","Castro County Courthouse, Castro County, Texas","1","1","1","1","1","1","1","1","1","1","Castro County Courthouse","Castro County","Texas","castro-tx","34.5502773","-102.3117682","true","","","","PASS"
"48071","Chambers","Chambers County Courthouse, Chambers County, Texas","1","1","1","1","1","1","1","1","1","1","Chambers County Courthouse","Chambers County","Texas","chambers-tx","29.7691632","-94.6849261","true","","","","PASS"
"48073","Cherokee","Cherokee County Courthouse, Cherokee County, Texas","1","1","1","1","1","1","1","1","1","1","Cherokee County Courthouse","Cherokee County","Texas","cherokee-tx","31.7954703","-95.1499301","true","","","","PASS"
"48075","Childress","Childress County Courthouse, Childress County, Texas","1","1","1","1","1","1","1","1","1","1","Childress County Courthouse","Childress County","Texas","childress-tx","34.4261007","-100.2051752","true","","","","PASS"
"48077","Clay","Clay County Courthouse, Clay County, Texas","1","1","1","1","1","1","1","1","1","1","Clay County Courthouse","Clay County","Texas","clay-tx","33.8160424","-98.1958169","true","","","","PASS"
"48079","Cochran","Cochran County Courthouse, Cochran County, Texas","1","1","1","1","1","1","1","1","1","1","Cochran County Courthouse","Cochran County","Texas","cochran-tx","33.7258218","-102.7598012","true","","","","PASS"
"48081","Coke","Coke County Courthouse, Coke County, Texas","1","1","1","1","1","1","1","1","1","1","Coke County Court House","Coke County","Texas","coke-tx","31.8925764","-100.4857959","true","","","","PASS"
"48083","Coleman","Coleman County Courthouse, Coleman County, Texas","1","1","1","1","1","1","1","1","1","1","Coleman County Courthouse","Coleman County","Texas","coleman-tx","31.8314105","-99.4230368","true","","","","PASS"
"48085","Collin","Collin County Courthouse, Collin County, Texas","1","1","1","1","1","1","1","1","1","1","Collin County Courthouse","Collin County","Texas","collin-tx","33.242165","-96.631863","true","","","","PASS"
"48087","Collingsworth","Collingsworth County Courthouse, Collingsworth County, Texas","1","1","1","1","1","1","1","1","1","1","Collingsworth County Courthouse","Collingsworth County","Texas","collingsworth-tx","34.8556983","-100.2136426","true","","","","PASS"
"48089","Colorado","Colorado County Courthouse, Colorado County, Texas","1","1","1","1","1","1","1","1","1","1","Colorado County Courthouse","Colorado County","Texas","colorado-tx","29.7059606","-96.5398614","true","","","","PASS"
"48091","Comal","Comal County Courthouse, Comal County, Texas","1","1","1","1","1","1","1","1","1","1","Comal County Courthouse","Comal County","Texas","comal-tx","29.7035121","-98.1249212","true","","","","PASS"
"48093","Comanche","Comanche County Courthouse, Comanche County, Texas","1","1","1","1","1","1","1","1","1","1","Comanche County Courthouse","Comanche County","Texas","comanche-tx","31.8979317","-98.6044577","true","","","","PASS"
"48095","Concho","Concho County Courthouse, Concho County, Texas","1","1","1","1","1","1","1","1","1","1","Concho County Courthouse","Concho County","Texas","concho-tx","31.5084817","-99.9195951","true","","","","PASS"
"48097","Cooke","Cooke County Courthouse, Cooke County, Texas","1","1","1","1","1","1","1","1","1","1","Cooke County Courthouse","Cooke County","Texas","cooke-tx","33.6239295","-97.1457461","true","","","","PASS"
"48099","Coryell","Coryell County Courthouse, Coryell County, Texas","1","1","1","1","1","1","1","1","1","1","Coryell County Courthouse","Coryell County","Texas","coryell-tx","31.4344745","-97.7500808","true","","","","PASS"
"48101","Cottle","Cottle County Courthouse, Cottle County, Texas","1","1","1","1","1","1","1","1","1","1","Cottle County Courthouse","Cottle County","Texas","cottle-tx","34.0139907","-100.3013399","true","","","","PASS"
"48103","Crane","Crane County Courthouse, Crane County, Texas","1","1","1","1","1","1","1","1","1","1","Crane County Courthouse","Crane County","Texas","crane-tx","31.3967017","-102.3517983","true","","","","PASS"
"48105","Crockett","Crockett County Courthouse, Crockett County, Texas","1","1","1","1","1","1","1","1","1","1","Crockett County Courthouse","Crockett County","Texas","crockett-tx","30.7109165","-101.2004322","true","","","","PASS"
"48107","Crosby","Crosby County Courthouse, Crosby County, Texas","1","1","1","1","1","1","1","1","1","1","Crosby County Courthouse","Crosby County","Texas","crosby-tx","33.6584606","-101.2398811","true","","","","PASS"
"48109","Culberson","Culberson County Courthouse, Culberson County, Texas","1","1","1","1","1","1","1","1","1","1","Culberson County Courthouse","Culberson County","Texas","culberson-tx","31.0436076","-104.8306022","true","","","","PASS"
"48111","Dallam","Dallam County Courthouse, Dallam County, Texas","1","1","1","1","1","1","1","1","1","1","Dallam County Courthouse","Dallam County","Texas","dallam-tx","36.0616002","-102.5225775","true","","","","PASS"
"48113","Dallas","Dallas County Courthouse, Dallas County, Texas","1","1","1","1","1","1","1","1","1","1","Dallas County Courthouse","Dallas County","Texas","dallas-tx","32.7786089","-96.8073166","true","","","","PASS"
"48115","Dawson","Dawson County Courthouse, Dawson County, Texas","1","1","1","1","1","1","1","1","1","1","Dawson County Courthouse","Dawson County","Texas","dawson-tx","32.7325409","-101.9521446","true","","","","PASS"
"48117","Deaf Smith","Deaf Smith County Courthouse, Deaf Smith County, Texas","1","1","1","1","1","1","1","1","1","1","Deaf Smith County Courthouse","Deaf Smith County","Texas","deaf-smith-tx","34.8181045","-102.3983076","true","","","","PASS"
"48119","Delta","Delta County Courthouse, Delta County, Texas","1","1","1","1","1","1","1","1","1","1","Delta County Courthouse","Delta County","Texas","delta-tx","33.3741729","-95.6898425","true","","","","PASS"
"48121","Denton","Denton County Courthouse, Denton County, Texas","1","1","1","1","1","1","1","1","1","1","Denton County Courthouse","Denton County","Texas","denton-tx","33.214541","-97.1155255","true","","","","PASS"
"48123","DeWitt","DeWitt County Courthouse, DeWitt County, Texas","1","1","1","1","1","1","1","1","1","1","DeWitt County Courthouse","DeWitt County","Texas","dewitt-tx","29.0918142","-97.2887051","true","","","","PASS"
"48125","Dickens","Dickens County Courthouse, Dickens County, Texas","1","1","1","1","1","1","1","1","1","1","Dickens County Courthouse","Dickens County","Texas","dickens-tx","33.6212964","-100.8362647","true","","","","PASS"
"48127","Dimmit","Dimmit County Courthouse, Dimmit County, Texas","1","1","1","1","1","1","1","1","1","1","Dimmit County Courthouse","Dimmit County","Texas","dimmit-tx","28.5220762","-99.8599672","true","","","","PASS"
"48129","Donley","Donley County Courthouse, Donley County, Texas","1","1","1","1","1","1","1","1","1","1","Donley County Courthouse","Donley County","Texas","donley-tx","34.937304","-100.8906258","true","","","","PASS"
"48131","Duval","Duval County Courthouse, Duval County, Texas","1","1","1","1","1","1","1","1","1","1","Duval County Courthouse","Duval County","Texas","duval-tx","27.7627964","-98.2354583","true","","","","PASS"
"48133","Eastland","Eastland County Courthouse, Eastland County, Texas","1","1","1","1","1","1","1","1","1","1","Eastland County Courthouse","Eastland County","Texas","eastland-tx","32.4014089","-98.8186065","true","","","","PASS"
"48135","Ector","Ector County Courthouse, Ector County, Texas","1","1","1","1","1","1","1","1","1","1","Ector County Courthouse","Ector County","Texas","ector-tx","31.8473168","-102.3679625","true","","","","PASS"
"48137","Edwards","Edwards County Courthouse, Edwards County, Texas","1","1","1","1","1","1","1","1","1","1","Edwards County Courthouse","Edwards County","Texas","edwards-tx","30.016175","-100.2081277","true","","","","PASS"
"48139","Ellis","Ellis County Courthouse, Ellis County, Texas","1","1","1","1","1","1","1","1","1","1","Ellis County Courthouse","Ellis County","Texas","ellis-tx","32.38563","-96.84769","true","","","","PASS"
"48141","El Paso","El Paso County Courthouse, El Paso County, Texas","1","1","1","1","1","1","1","1","1","1","El Paso County Courthouse","El Paso County","Texas","el-paso-tx","31.7582149","-106.4841605","true","","","","PASS"
"48143","Erath","Erath County Courthouse, Erath County, Texas","1","1","1","1","1","1","1","1","1","1","Erath County Courthouse","Erath County","Texas","erath-tx","32.2201556","-98.2023049","true","","","","PASS"
"48145","Falls","Falls County Courthouse, Falls County, Texas","1","1","1","1","1","1","1","1","1","1","Falls County Courthouse","Falls County","Texas","falls-tx","31.3068623","-96.8986211","true","","","","PASS"
"48147","Fannin","Fannin County Courthouse, Fannin County, Texas","1","1","1","1","1","1","1","1","1","1","Fannin County Courthouse","Fannin County","Texas","fannin-tx","33.5775435","-96.1785999","true","","","","PASS"
"48149","Fayette","Fayette County Courthouse, Fayette County, Texas","1","1","1","1","1","1","1","1","1","1","Fayette County Courthouse","Fayette County","Texas","fayette-tx","29.9052346","-96.878604","true","","","","PASS"
"48151","Fisher","Fisher County Courthouse, Fisher County, Texas","1","1","1","1","1","1","1","1","1","1","Fisher County Courthouse","Fisher County","Texas","fisher-tx","32.7457182","-100.3772386","true","","","","PASS"
"48153","Floyd","Floyd County Courthouse, Floyd County, Texas","1","1","1","1","1","1","1","1","1","1","Floyd County Courthouse","Floyd County","Texas","floyd-tx","33.9849877","-101.3341208","true","","","","PASS"
"48155","Foard","Foard County Courthouse, Foard County, Texas","1","1","1","1","1","1","1","1","1","1","Foard County Courthouse","Foard County","Texas","foard-tx","33.983572","-99.7244062","true","","","","PASS"
"48157","Fort Bend","Fort Bend County Courthouse, Fort Bend County, Texas","1","1","1","1","1","1","1","1","1","1","Fort Bend County Courthouse","Fort Bend County","Texas","fort-bend-tx","29.5815594","-95.7617128","true","","","","PASS"
"48159","Franklin","Franklin County Courthouse, Franklin County, Texas","1","1","1","1","1","1","1","1","1","1","Franklin County Courthouse","Franklin County","Texas","franklin-tx","33.1896313","-95.2213438","true","","","","PASS"
"48161","Freestone","Freestone County Courthouse, Freestone County, Texas","1","1","1","1","1","1","1","1","1","1","Freestone County Courthouse","Freestone County","Texas","freestone-tx","31.7257877","-96.1599472","true","","","","PASS"
"48163","Frio","Frio County Courthouse, Frio County, Texas","1","1","1","1","1","1","1","1","1","1","Frio County Court House","Frio County","Texas","frio-tx","28.8883074","-99.0933001","true","","","","PASS"
"48165","Gaines","Gaines County Courthouse, Gaines County, Texas","1","1","1","1","1","1","1","1","1","1","Gaines County Courthouse","Gaines County","Texas","gaines-tx","32.7185234","-102.6443142","true","","","","PASS"
"48167","Galveston","Galveston County Courthouse, Galveston County, Texas","1","1","1","1","1","1","1","1","1","1","Galveston County Courthouse","Galveston County","Texas","galveston-tx","29.3033357","-94.7890297","true","","","","PASS"
"48169","Garza","Garza County Courthouse, Garza County, Texas","1","1","1","1","1","1","1","1","1","1","Garza County Courthouse","Garza County","Texas","garza-tx","33.1909128","-101.3816144","true","","","","PASS"
"48171","Gillespie","Gillespie County Courthouse, Gillespie County, Texas","1","1","1","1","1","1","1","1","1","1","Gillespie County Courthouse","Gillespie County","Texas","gillespie-tx","30.2750813","-98.873029","true","","","","PASS"
"48173","Glasscock","Glasscock County Courthouse, Glasscock County, Texas","1","1","1","1","1","1","1","1","1","1","Glasscock County Courthouse","Glasscock County","Texas","glasscock-tx","31.8635081","-101.4804032","true","","","","PASS"
"48175","Goliad","Goliad County Courthouse, Goliad County, Texas","1","1","1","1","1","1","1","1","1","1","Goliad County Courthouse","Goliad County","Texas","goliad-tx","28.6658955","-97.3920602","true","","","","PASS"
"48177","Gonzales","Gonzales County Courthouse, Gonzales County, Texas","1","1","1","1","1","1","1","1","1","1","Gonzales County Courthouse","Gonzales County","Texas","gonzales-tx","29.5009982","-97.4522222","true","","","","PASS"
"48179","Gray","Gray County Courthouse, Gray County, Texas","1","1","1","1","1","1","1","1","1","1","Gray County Courthouse","Gray County","Texas","gray-tx","35.5366081","-100.9638157","true","","","","PASS"
"48181","Grayson","Grayson County Courthouse, Grayson County, Texas","1","1","1","1","1","1","1","1","1","1","Grayson County Court House","Grayson County","Texas","grayson-tx","33.6358683","-96.6096796","true","","","","PASS"
"48183","Gregg","Gregg County Courthouse, Gregg County, Texas","1","1","1","1","1","1","1","1","1","1","Gregg County Courthouse","Gregg County","Texas","gregg-tx","32.4969194","-94.7386299","true","","","","PASS"
"48185","Grimes","Grimes County Courthouse, Grimes County, Texas","1","1","1","1","1","1","1","1","1","1","Grimes County Courthouse","Grimes County","Texas","grimes-tx","30.4887","-95.98686","true","","","","PASS"
"48187","Guadalupe","Guadalupe County Courthouse, Guadalupe County, Texas","1","1","1","1","1","1","1","1","1","1","Guadalupe County Courthouse","Guadalupe County","Texas","guadalupe-tx","29.5685171","-97.9642106","true","","","","PASS"
"48189","Hale","Hale County Courthouse, Hale County, Texas","1","1","1","1","1","1","1","1","1","1","Hale County Courthouse","Hale County","Texas","hale-tx","34.1851828","-101.70238","true","","","","PASS"
"48191","Hall","Hall County Courthouse, Hall County, Texas","1","1","1","1","1","1","1","1","1","1","Hall County Courthouse","Hall County","Texas","hall-tx","34.724696","-100.5364846","true","","","","PASS"
"48193","Hamilton","Hamilton County Courthouse, Hamilton County, Texas","1","1","1","1","1","1","1","1","1","1","Hamilton County Courthouse","Hamilton County","Texas","hamilton-tx","31.7040402","-98.1233854","true","","","","PASS"
"48195","Hansford","Hansford County Courthouse, Hansford County, Texas","1","1","1","1","1","1","1","1","1","1","Hansford County Courthouse","Hansford County","Texas","hansford-tx","36.198206","-101.1920381","true","","","","PASS"
"48197","Hardeman","Hardeman County Courthouse, Hardeman County, Texas","1","1","1","1","1","1","1","1","1","1","Hardeman County Courthouse","Hardeman County","Texas","hardeman-tx","34.2973354","-99.7402952","true","","","","PASS"
"48199","Hardin","Hardin County Courthouse, Hardin County, Texas","1","1","1","1","1","1","1","1","1","1","Hardin County Courthouse","Hardin County","Texas","hardin-tx","30.3682174","-94.3161033","true","","","","PASS"
"48201","Harris","Harris County Courthouse, Harris County, Texas","1","1","1","1","1","1","1","1","1","1","Harris County Courthouse","Harris County","Texas","harris-tx","29.7687","-94.9711","true","","","","PASS"
"48203","Harrison","Harrison County Courthouse, Harrison County, Texas","1","1","1","1","1","1","1","1","1","1","Harrison County Courthouse","Harrison County","Texas","harrison-tx","32.5444445","-94.3688905","true","","","","PASS"
"48205","Hartley","Hartley County Courthouse, Hartley County, Texas","1","1","1","1","1","1","1","1","1","1","Hartley County Courthouse","Hartley County","Texas","hartley-tx","35.6819134","-102.3331006","true","","","","PASS"
"48207","Haskell","Haskell County Courthouse, Haskell County, Texas","1","1","1","1","1","1","1","1","1","1","Haskell County Courthouse","Haskell County","Texas","haskell-tx","33.1570978","-99.7333564","true","","","","PASS"
"48209","Hays","Hays County Courthouse, Hays County, Texas","1","1","1","1","1","1","1","1","1","1","Hays County Historic Courthouse","Hays County","Texas","hays-tx","29.8827969","-97.9407662","true","","","","PASS"
"48211","Hemphill","Hemphill County Courthouse, Hemphill County, Texas","1","1","1","1","1","1","1","1","1","1","Hemphill County Courthouse","Hemphill County","Texas","hemphill-tx","35.9126558","-100.3829829","true","","","","PASS"
"48213","Henderson","Henderson County Courthouse, Henderson County, Texas","1","1","1","1","1","1","1","1","1","1","Henderson County Courthouse","Henderson County","Texas","henderson-tx","32.2048711","-95.8544308","true","","","","PASS"
"48215","Hidalgo","Hidalgo County Courthouse, Hidalgo County, Texas","1","1","1","1","1","1","1","1","1","1","Hidalgo County Courthouse","Hidalgo County","Texas","hidalgo-tx","26.3009803","-98.1622021","true","","","","PASS"
"48217","Hill","Hill County Courthouse, Hill County, Texas","1","1","1","1","1","1","1","1","1","1","Hill County Courthouse","Hill County","Texas","hill-tx","32.011275","-97.1307276","true","","","","PASS"
"48219","Hockley","Hockley County Courthouse, Hockley County, Texas","1","1","1","1","1","1","1","1","1","1","Hockley County Courthouse","Hockley County","Texas","hockley-tx","33.5868204","-102.377316","true","","","","PASS"
"48221","Hood","Hood County Courthouse, Hood County, Texas","1","1","1","1","1","1","1","1","1","1","Hood County Courthouse","Hood County","Texas","hood-tx","32.4426849","-97.7870669","true","","","","PASS"
"48223","Hopkins","Hopkins County Courthouse, Hopkins County, Texas","1","1","1","1","1","1","1","1","1","1","Hopkins County Courthouse","Hopkins County","Texas","hopkins-tx","33.1384348","-95.6006347","true","","","","PASS"
"48225","Houston","Houston County Courthouse, Houston County, Texas","1","1","1","1","1","1","1","1","1","1","Houston County Courthouse","Houston County","Texas","houston-tx","31.3180274","-95.4574685","true","","","","PASS"
"48227","Howard","Howard County Courthouse, Howard County, Texas","1","1","1","1","1","1","1","1","1","1","Howard County Court House","Howard County","Texas","howard-tx","32.2516518","-101.477094","true","","","","PASS"
"48229","Hudspeth","Hudspeth County Courthouse, Hudspeth County, Texas","1","1","1","1","1","1","1","1","1","1","Hudspeth County Courthouse","Hudspeth County","Texas","hudspeth-tx","31.1798277","-105.3575571","true","","","","PASS"
"48231","Hunt","Hunt County Courthouse, Hunt County, Texas","1","1","1","1","1","1","1","1","1","1","Hunt County Courthouse","Hunt County","Texas","hunt-tx","33.139457","-96.1067362","true","","","","PASS"
"48233","Hutchinson","Hutchinson County Courthouse, Hutchinson County, Texas","1","1","1","1","1","1","1","1","1","1","Hutchinson County Courthouse","Hutchinson County","Texas","hutchinson-tx","35.8274874","-101.4423517","true","","","","PASS"
"48235","Irion","Irion County Courthouse, Irion County, Texas","1","1","1","1","1","1","1","1","1","1","Irion County Courthouse","Irion County","Texas","irion-tx","31.2587924","-100.8191774","true","","","","PASS"
"48237","Jack","Jack County Courthouse, Jack County, Texas","1","1","1","1","1","1","1","1","1","1","Jack County Courthouse","Jack County","Texas","jack-tx","33.2187699","-98.1581168","true","","","","PASS"
"48239","Jackson","Jackson County Courthouse, Jackson County, Texas","1","1","1","1","1","1","1","1","1","1","Jackson County Courthouse","Jackson County","Texas","jackson-tx","28.9776119","-96.6467497","true","","","","PASS"
"48241","Jasper","Jasper County Courthouse, Jasper County, Texas","1","1","1","1","1","1","1","1","1","1","Jasper County Courthouse","Jasper County","Texas","jasper-tx","30.92156","-94.00003","true","","","","PASS"
"48243","Jeff Davis","Jeff Davis County Courthouse, Jeff Davis County, Texas","1","1","1","1","1","1","1","1","1","1","Jeff Davis County Courthouse","Jeff Davis County","Texas","jeff-davis-tx","30.5885015","-103.8952444","true","","","","PASS"
"48245","Jefferson","Jefferson County Courthouse, Jefferson County, Texas","1","1","1","1","1","1","1","1","1","1","Jefferson County Courthouse","Jefferson County","Texas","jefferson-tx","30.0791631","-94.0935336","true","","","","PASS"
"48247","Jim Hogg","Jim Hogg County Courthouse, Jim Hogg County, Texas","1","1","1","1","1","1","1","1","1","1","Jim Hogg County Courthouse","Jim Hogg County","Texas","jim-hogg-tx","27.3081314","-98.6778123","true","","","","PASS"
"48249","Jim Wells","Jim Wells County Courthouse, Jim Wells County, Texas","1","1","1","1","1","1","1","1","1","1","Jim Wells County Courthouse","Jim Wells County","Texas","jim-wells-tx","27.7526714","-98.0705745","true","","","","PASS"
"48251","Johnson","Johnson County Courthouse, Johnson County, Texas","1","1","1","1","1","1","1","1","1","1","Johnson County Courthouse","Johnson County","Texas","johnson-tx","32.3472319","-97.3862571","true","","","","PASS"
"48253","Jones","Jones County Courthouse, Jones County, Texas","1","1","1","1","1","1","1","1","1","1","Jones County Courthouse","Jones County","Texas","jones-tx","32.7565005","-99.8968437","true","","","","PASS"
"48255","Karnes","Karnes County Courthouse, Karnes County, Texas","1","1","1","1","1","1","1","1","1","1","Karnes County Courthouse","Karnes County","Texas","karnes-tx","28.8852812","-97.9014814","true","","","","PASS"
"48257","Kaufman","Kaufman County Courthouse, Kaufman County, Texas","1","1","1","1","1","1","1","1","1","1","Kaufman County Courthouse Annex","Kaufman County","Texas","kaufman-tx","32.589195","-96.3088167","true","","","","PASS"
"48259","Kendall","Kendall County Courthouse, Kendall County, Texas","1","1","1","1","1","1","1","1","1","1","Kendall County Courthouse","Kendall County","Texas","kendall-tx","29.7939528","-98.7305616","true","","","","PASS"
"48261","Kenedy","Kenedy County Courthouse, Kenedy County, Texas","1","1","1","1","1","1","1","1","1","1","Kenedy County Courthouse","Kenedy County","Texas","kenedy-tx","27.2223212","-97.7921058","true","","","","PASS"
"48263","Kent","Kent County Courthouse, Kent County, Texas","1","1","1","1","1","1","1","1","1","1","Kent County Courthouse","Kent County","Texas","kent-tx","33.2475505","-100.5733773","true","","","","PASS"
"48265","Kerr","Kerr County Courthouse, Kerr County, Texas","1","1","1","1","1","1","1","1","1","1","Kerr County Courthouse","Kerr County","Texas","kerr-tx","30.0476162","-99.1392117","true","","","","PASS"
"48267","Kimble","Kimble County Courthouse, Kimble County, Texas","1","1","1","1","1","1","1","1","1","1","Kimble County Courthouse","Kimble County","Texas","kimble-tx","30.4888133","-99.7658861","true","","","","PASS"
"48269","King","King County Courthouse, King County, Texas","1","1","1","1","1","1","1","1","1","1","King County Courthouse","King County","Texas","king-tx","33.6186447","-100.3221641","true","","","","PASS"
"48271","Kinney","Kinney County Courthouse, Kinney County, Texas","1","1","1","1","1","1","1","1","1","1","Kinney County Courthouse","Kinney County","Texas","kinney-tx","29.3117824","-100.4174014","true","","","","PASS"
"48273","Kleberg","Kleberg County Courthouse, Kleberg County, Texas","1","1","1","1","1","1","1","1","1","1","Kleberg County Courthouse","Kleberg County","Texas","kleberg-tx","27.516723","-97.8595482","true","","","","PASS"
"48275","Knox","Knox County Courthouse, Knox County, Texas","1","1","1","1","1","1","1","1","1","1","Knox County Courthouse","Knox County","Texas","knox-tx","33.5835005","-99.7931903","true","","","","PASS"
"48277","Lamar","Lamar County Courthouse, Lamar County, Texas","1","1","1","1","1","1","1","1","1","1","Lamar County Courthouse","Lamar County","Texas","lamar-tx","33.6624241","-95.5566802","true","","","","PASS"
"48279","Lamb","Lamb County Courthouse, Lamb County, Texas","1","1","1","1","1","1","1","1","1","1","Lamb County Courthouse","Lamb County","Texas","lamb-tx","33.9206575","-102.3329722","true","","","","PASS"
"48281","Lampasas","Lampasas County Courthouse, Lampasas County, Texas","1","1","1","1","1","1","1","1","1","1","Lampasas County Courthouse","Lampasas County","Texas","lampasas-tx","31.0655611","-98.1777679","true","","","","PASS"
"48283","La Salle","La Salle County Courthouse, La Salle County, Texas","1","1","1","1","1","1","1","1","1","1","La Salle County Courthouse","La Salle County","Texas","la-salle-tx","28.4356153","-99.2366166","true","","","","PASS"
"48285","Lavaca","Lavaca County Courthouse, Lavaca County, Texas","1","1","1","1","1","1","1","1","1","1","Lavaca County Courthouse","Lavaca County","Texas","lavaca-tx","29.4450357","-96.9429322","true","","","","PASS"
"48287","Lee","Lee County Courthouse, Lee County, Texas","1","1","1","1","1","1","1","1","1","1","Lee County Courthouse","Lee County","Texas","lee-tx","30.181418","-96.9370929","true","","","","PASS"
"48289","Leon","Leon County Courthouse, Leon County, Texas","1","1","1","1","1","1","1","1","1","1","Leon County Courthouse","Leon County","Texas","leon-tx","31.2584972","-95.9781254","true","","","","PASS"
"48291","Liberty","Liberty County Courthouse, Liberty County, Texas","1","1","1","1","1","1","1","1","1","1","Liberty County Courthouse","Liberty County","Texas","liberty-tx","30.0592654","-94.7965886","true","","","","PASS"
"48293","Limestone","Limestone County Courthouse, Limestone County, Texas","1","1","1","1","1","1","1","1","1","1","Limestone County Courthouse","Limestone County","Texas","limestone-tx","31.5223649","-96.5350155","true","","","","PASS"
"48295","Lipscomb","Lipscomb County Courthouse, Lipscomb County, Texas","1","1","1","1","1","1","1","1","1","1","Lipscomb County Courthouse","Lipscomb County","Texas","lipscomb-tx","36.2338307","-100.2705427","true","","","","PASS"
"48297","Live Oak","Live Oak County Courthouse, Live Oak County, Texas","1","1","1","1","1","1","1","1","1","1","Live Oak County Courthouse","Live Oak County","Texas","live-oak-tx","28.33452","-98.11433","true","","","","PASS"
"48299","Llano","Llano County Courthouse, Llano County, Texas","1","1","1","1","1","1","1","1","1","1","Llano County Courthouse","Llano County","Texas","llano-tx","30.7497772","-98.6765414","true","","","","PASS"
"48301","Loving","Loving County Courthouse, Loving County, Texas","1","1","1","1","1","1","1","1","1","1","Loving County Courthouse","Loving County","Texas","loving-tx","31.7065634","-103.5986877","true","","","","PASS"
"48303","Lubbock","Lubbock County Courthouse, Lubbock County, Texas","1","1","1","1","1","1","1","1","1","1","Lubbock County Courthouse","Lubbock County","Texas","lubbock-tx","33.5850418","-101.8448324","true","","","","PASS"
"48305","Lynn","Lynn County Courthouse, Lynn County, Texas","1","1","1","1","1","1","1","1","1","1","Lynn County Courthouse","Lynn County","Texas","lynn-tx","33.1646408","-101.7960847","true","","","","PASS"
"48307","McCulloch","McCulloch County Courthouse, McCulloch County, Texas","1","1","1","1","1","1","1","1","1","1","McCulloch County Courthouse","McCulloch County","Texas","mcculloch-tx","31.1351646","-99.3349072","true","","","","PASS"
"48309","McLennan","McLennan County Courthouse, McLennan County, Texas","1","1","1","1","1","1","1","1","1","1","McLennan County Courthouse","McLennan County","Texas","mclennan-tx","31.557459","-97.1336162","true","","","","PASS"
"48311","McMullen","McMullen County Courthouse, McMullen County, Texas","1","1","1","1","1","1","1","1","1","1","McMullen County Courthouse","McMullen County","Texas","mcmullen-tx","28.4609168","-98.5492991","true","","","","PASS"
"48313","Madison","Madison County Courthouse, Madison County, Texas","1","1","1","1","1","1","1","1","1","1","Madison County Courthouse","Madison County","Texas","madison-tx","30.9486901","-95.9140083","true","","","","PASS"
"48315","Marion","Marion County Courthouse, Marion County, Texas","1","1","1","1","1","1","1","1","1","1","Marion County Courthouse","Marion County","Texas","marion-tx","32.7564227","-94.34431","true","","","","PASS"
"48317","Martin","Martin County Courthouse, Martin County, Texas","1","1","1","1","1","1","1","1","1","1","Martin County Court house","Martin County","Texas","martin-tx","32.1312605","-101.7910371","true","","","","PASS"
"48319","Mason","Mason County Courthouse, Mason County, Texas","1","1","1","1","1","1","1","1","1","1","Mason County Courthouse","Mason County","Texas","mason-tx","30.7482904","-99.2319333","true","","","","PASS"
"48321","Matagorda","Matagorda County Courthouse, Matagorda County, Texas","1","1","1","1","1","1","1","1","1","1","Matagorda County Courthouse","Matagorda County","Texas","matagorda-tx","28.9824508","-95.9694214","true","","","","PASS"
"48323","Maverick","Maverick County Courthouse, Maverick County, Texas","1","1","1","1","1","1","1","1","1","1","Maverick County Courthouse","Maverick County","Texas","maverick-tx","28.7092471","-100.5015294","true","","","","PASS"
"48325","Medina","Medina County Courthouse, Medina County, Texas","1","1","1","1","1","1","1","1","1","1","Medina County Courthouse","Medina County","Texas","medina-tx","29.3508016","-99.1413474","true","","","","PASS"
"48327","Menard","Menard County Courthouse, Menard County, Texas","1","1","1","1","1","1","1","1","1","1","Menard County Courthouse","Menard County","Texas","menard-tx","30.91665","-99.78339","true","","","","PASS"
"48329","Midland","Midland County Courthouse, Midland County, Texas","1","1","1","1","1","1","1","1","1","1","Midland County Courthouse","Midland County","Texas","midland-tx","32.0023577","-102.0753148","true","","","","PASS"
"48331","Milam","Milam County Courthouse, Milam County, Texas","1","1","1","1","1","1","1","1","1","1","Milam County Courthouse","Milam County","Texas","milam-tx","30.8500415","-96.9761571","true","","","","PASS"
"48333","Mills","Mills County Courthouse, Mills County, Texas","1","1","1","1","1","1","1","1","1","1","Mills County Courthouse","Mills County","Texas","mills-tx","31.4497874","-98.5695307","true","","","","PASS"
"48335","Mitchell","Mitchell County Courthouse, Mitchell County, Texas","1","1","1","1","1","1","1","1","1","1","Mitchell County Courthouse","Mitchell County","Texas","mitchell-tx","32.3903549","-100.8688383","true","","","","PASS"
"48337","Montague","Montague County Courthouse, Montague County, Texas","1","1","1","1","1","1","1","1","1","1","Montague County Courthouse","Montague County","Texas","montague-tx","33.6645543","-97.7200528","true","","","","PASS"
"48339","Montgomery","Montgomery County Courthouse, Montgomery County, Texas","1","1","1","1","1","1","1","1","1","1","Montgomery County Courthouse","Montgomery County","Texas","montgomery-tx","30.3117186","-95.4576137","true","","","","PASS"
"48341","Moore","Moore County Courthouse, Moore County, Texas","1","1","1","1","1","1","1","1","1","1","Moore County Courthouse","Moore County","Texas","moore-tx","35.8581952","-101.9724857","true","","","","PASS"
"48343","Morris","Morris County Courthouse, Morris County, Texas","1","1","1","1","1","1","1","1","1","1","Morris County Courthouse","Morris County","Texas","morris-tx","33.0355697","-94.7265995","true","","","","PASS"
"48345","Motley","Motley County Courthouse, Motley County, Texas","1","1","1","1","1","1","1","1","1","1","Motley County Courthouse","Motley County","Texas","motley-tx","34.0139358","-100.821512","true","","","","PASS"
"48347","Nacogdoches","Nacogdoches County Courthouse, Nacogdoches County, Texas","1","1","1","1","1","1","1","1","1","1","Nacogdoches County Courthouse","Nacogdoches County","Texas","nacogdoches-tx","31.6036599","-94.6565591","true","","","","PASS"
"48349","Navarro","Navarro County Courthouse, Navarro County, Texas","1","1","1","1","1","1","1","1","1","1","Navarro County Courthouse","Navarro County","Texas","navarro-tx","32.0953792","-96.4684988","true","","","","PASS"
"48351","Newton","Newton County Courthouse, Newton County, Texas","1","1","1","1","1","1","1","1","1","1","Newton County Courthouse","Newton County","Texas","newton-tx","30.8476924","-93.7604689","true","","","","PASS"
"48353","Nolan","Nolan County Courthouse, Nolan County, Texas","1","1","1","1","1","1","1","1","1","1","Nolan County Courthouse","Nolan County","Texas","nolan-tx","32.4707811","-100.4081887","true","","","","PASS"
"48355","Nueces","Nueces County Courthouse, Nueces County, Texas","1","1","1","1","1","1","1","1","1","1","Nueces County Courthouse","Nueces County","Texas","nueces-tx","27.7949247","-97.4004083","true","","","","PASS"
"48357","Ochiltree","Ochiltree County Courthouse, Ochiltree County, Texas","1","1","1","1","1","1","1","1","1","1","Ochiltree County Courthouse","Ochiltree County","Texas","ochiltree-tx","36.3948318","-100.8020551","true","","","","PASS"
"48359","Oldham","Oldham County Courthouse, Oldham County, Texas","1","1","1","1","1","1","1","1","1","1","Oldham County Courthouse","Oldham County","Texas","oldham-tx","35.2466663","-102.4277671","true","","","","PASS"
"48361","Orange","Orange County Courthouse, Orange County, Texas","1","1","1","1","1","1","1","1","1","1","Orange County Courthouse","Orange County","Texas","orange-tx","30.0894926","-93.7365978","true","","","","PASS"
"48363","Palo Pinto","Palo Pinto County Courthouse, Palo Pinto County, Texas","1","1","1","1","1","1","1","1","1","1","Palo Pinto County Courthouse","Palo Pinto County","Texas","palo-pinto-tx","32.7676129","-98.2992073","true","","","","PASS"
"48365","Panola","Panola County Courthouse, Panola County, Texas","1","1","1","1","1","1","1","1","1","1","Panola County Courthouse","Panola County","Texas","panola-tx","32.1555439","-94.3412609","true","","","","PASS"
"48367","Parker","Parker County Courthouse, Parker County, Texas","1","1","1","1","1","1","1","1","1","1","Parker County Courthouse","Parker County","Texas","parker-tx","32.7589618","-97.7973598","true","","","","PASS"
"48369","Parmer","Parmer County Courthouse, Parmer County, Texas","1","1","1","1","1","1","1","1","1","1","Parmer County Courthouse","Parmer County","Texas","parmer-tx","34.3848173","-103.0394221","true","","","","PASS"
"48371","Pecos","Pecos County Courthouse, Pecos County, Texas","1","1","1","1","1","1","1","1","1","1","Pecos County Courthouse","Pecos County","Texas","pecos-tx","30.8827981","-102.8797704","true","","","","PASS"
"48373","Polk","Polk County Courthouse, Polk County, Texas","1","1","1","1","1","1","1","1","1","1","Polk County Courthouse","Polk County","Texas","polk-tx","30.7105783","-94.9335018","true","","","","PASS"
"48375","Potter","Potter County Courthouse, Potter County, Texas","1","1","1","1","1","1","1","1","1","1","Potter County Courthouse","Potter County","Texas","potter-tx","35.2078839","-101.8347091","true","","","","PASS"
"48377","Presidio","Presidio County Courthouse, Presidio County, Texas","1","1","1","1","1","1","1","1","1","1","Presidio County Courthouse","Presidio County","Texas","presidio-tx","30.3134203","-104.0220765","true","","","","PASS"
"48379","Rains","Rains County Courthouse, Rains County, Texas","1","1","1","1","1","1","1","1","1","1","Rains County Courthouse","Rains County","Texas","rains-tx","32.8746356","-95.764846","true","","","","PASS"
"48381","Randall","Randall County Courthouse, Randall County, Texas","1","1","1","1","1","1","1","1","1","1","Randall County Courthouse","Randall County","Texas","randall-tx","34.9793551","-101.9281975","true","","","","PASS"
"48383","Reagan","Reagan County Courthouse, Reagan County, Texas","1","1","1","1","1","1","1","1","1","1","Reagan County Courthouse","Reagan County","Texas","reagan-tx","31.1930997","-101.4606248","true","","","","PASS"
"48385","Real","Real County Courthouse, Real County, Texas","1","1","1","1","1","1","1","1","1","1","Real County Courthouse","Real County","Texas","real-tx","29.7262483","-99.762138","true","","","","PASS"
"48387","Red River","Red River County Courthouse, Red River County, Texas","1","1","1","1","1","1","1","1","1","1","Red River County Courthouse","Red River County","Texas","red-river-tx","33.6132923","-95.0514647","true","","","","PASS"
"48389","Reeves","Reeves County Courthouse, Reeves County, Texas","1","1","1","1","1","1","1","1","1","1","Reeves County Courthouse","Reeves County","Texas","reeves-tx","31.4242384","-103.4941757","true","","","","PASS"
"48391","Refugio","Refugio County Courthouse, Refugio County, Texas","1","1","1","1","1","1","1","1","1","1","Refugio County Courthouse","Refugio County","Texas","refugio-tx","28.2966828","-97.27595","true","","","","PASS"
"48393","Roberts","Roberts County Courthouse, Roberts County, Texas","1","1","1","1","1","1","1","1","1","1","Roberts County Courthouse","Roberts County","Texas","roberts-tx","35.6927207","-100.6353289","true","","","","PASS"
"48395","Robertson","Robertson County Courthouse, Robertson County, Texas","1","1","1","1","1","1","1","1","1","1","Robertson County Courthouse","Robertson County","Texas","robertson-tx","31.0269196","-96.4873053","true","","","","PASS"
"48397","Rockwall","Rockwall County Courthouse, Rockwall County, Texas","1","1","1","1","1","1","1","1","1","1","Rockwall County Courthouse","Rockwall County","Texas","rockwall-tx","32.9133891","-96.4490777","true","","","","PASS"
"48399","Runnels","Runnels County Courthouse, Runnels County, Texas","1","1","1","1","1","1","1","1","1","1","Runnels County Courthouse","Runnels County","Texas","runnels-tx","31.7384354","-99.9459779","true","","","","PASS"
"48401","Rusk","Rusk County Courthouse, Rusk County, Texas","1","1","1","1","1","1","1","1","1","1","Rusk County Courthouse","Rusk County","Texas","rusk-tx","32.1543973","-94.8002394","true","","","","PASS"
"48403","Sabine","Sabine County Courthouse, Sabine County, Texas","1","1","1","1","1","1","1","1","1","1","Sabine County Courthouse","Sabine County","Texas","sabine-tx","31.3420227","-93.8493805","true","","","","PASS"
"48405","San Augustine","San Augustine County Courthouse, San Augustine County, Texas","1","1","1","1","1","1","1","1","1","1","San Augustine County Courthouse","San Augustine County","Texas","san-augustine-tx","31.5301329","-94.111212","true","","","","PASS"
"48407","San Jacinto","San Jacinto County Courthouse, San Jacinto County, Texas","1","1","1","1","1","1","1","1","1","1","San Jacinto County Courthouse","San Jacinto County","Texas","san-jacinto-tx","30.5922883","-95.1286532","true","","","","PASS"
"48409","San Patricio","San Patricio County Courthouse, San Patricio County, Texas","1","1","1","1","1","1","1","1","1","1","San Patricio County Courthouse","San Patricio County","Texas","san-patricio-tx","28.0374454","-97.5146868","true","","","","PASS"
"48411","San Saba","San Saba County Courthouse, San Saba County, Texas","1","1","1","1","1","1","1","1","1","1","San Saba County Courthouse","San Saba County","Texas","san-saba-tx","31.1954301","-98.7169779","true","","","","PASS"
"48413","Schleicher","Schleicher County Courthouse, Schleicher County, Texas","1","1","1","1","1","1","1","1","1","1","Schleicher County Courthouse","Schleicher County","Texas","schleicher-tx","30.8600974","-100.599795","true","","","","PASS"
"48415","Scurry","Scurry County Courthouse, Scurry County, Texas","1","1","1","1","1","1","1","1","1","1","Scurry County Courthouse","Scurry County","Texas","scurry-tx","32.716631","-100.9177485","true","","","","PASS"
"48417","Shackelford","Shackelford County Courthouse, Shackelford County, Texas","1","1","1","1","1","1","1","1","1","1","Shackelford County Courthouse","Shackelford County","Texas","shackelford-tx","32.7227702","-99.296539","true","","","","PASS"
"48419","Shelby","Shelby County Courthouse, Shelby County, Texas","1","1","1","1","1","1","1","1","1","1","Shelby County Courthouse","Shelby County","Texas","shelby-tx","31.7950664","-94.1812888","true","","","","PASS"
"48421","Sherman","Sherman County Courthouse, Sherman County, Texas","1","1","1","1","1","1","1","1","1","1","Sherman County Courthouse","Sherman County","Texas","sherman-tx","36.338159","-102.0702155","true","","","","PASS"
"48423","Smith","Smith County Courthouse, Smith County, Texas","1","1","1","1","1","1","1","1","1","1","Smith County Courthouse","Smith County","Texas","smith-tx","32.3512372","-95.3001329","true","","","","PASS"
"48425","Somervell","Somervell County Courthouse, Somervell County, Texas","1","1","1","1","1","1","1","1","1","1","Somervell County Courthouse","Somervell County","Texas","somervell-tx","32.23515","-97.7557565","true","","","","PASS"
"48427","Starr","Starr County Courthouse, Starr County, Texas","1","1","1","1","1","1","1","1","1","1","Starr County Courthouse","Starr County","Texas","starr-tx","26.381868","-98.8196136","true","","","","PASS"
"48429","Stephens","Stephens County Courthouse, Stephens County, Texas","1","1","1","1","1","1","1","1","1","1","Stephens County Courthouse","Stephens County","Texas","stephens-tx","32.7558296","-98.9045277","true","","","","PASS"
"48431","Sterling","Sterling County Courthouse, Sterling County, Texas","1","1","1","1","1","1","1","1","1","1","Sterling County Courthouse","Sterling County","Texas","sterling-tx","31.8359715","-100.9877863","true","","","","PASS"
"48433","Stonewall","Stonewall County Courthouse, Stonewall County, Texas","1","1","1","1","1","1","1","1","1","1","Stonewall County Courthouse","Stonewall County","Texas","stonewall-tx","33.1399887","-100.2283133","true","","","","PASS"
"48435","Sutton","Sutton County Courthouse, Sutton County, Texas","1","1","1","1","1","1","1","1","1","1","Sutton County Courthouse","Sutton County","Texas","sutton-tx","30.5722264","-100.6438079","true","","","","PASS"
"48437","Swisher","Swisher County Courthouse, Swisher County, Texas","1","1","1","1","1","1","1","1","1","1","Swisher County Courthouse","Swisher County","Texas","swisher-tx","34.5365702","-101.7637635","true","","","","PASS"
"48439","Tarrant","Tarrant County Courthouse, Tarrant County, Texas","1","1","1","1","1","1","1","1","1","1","Tarrant County Courthouse","Tarrant County","Texas","tarrant-tx","32.7574794","-97.3331906","true","","","","PASS"
"48441","Taylor","Taylor County Courthouse, Taylor County, Texas","1","1","1","1","1","1","1","1","1","1","Taylor County Courthouse","Taylor County","Texas","taylor-tx","32.4464336","-99.7332405","true","","","","PASS"
"48443","Terrell","Terrell County Courthouse, Terrell County, Texas","1","1","1","1","1","1","1","1","1","1","Terrell County Courthouse","Terrell County","Texas","terrell-tx","30.1434983","-102.3946294","true","","","","PASS"
"48445","Terry","Terry County Courthouse, Terry County, Texas","1","1","1","1","1","1","1","1","1","1","Terry County Courthouse","Terry County","Texas","terry-tx","33.1786297","-102.280557","true","","","","PASS"
"48447","Throckmorton","Throckmorton County Courthouse, Throckmorton County, Texas","1","1","1","1","1","1","1","1","1","1","Throckmorton County Courthouse","Throckmorton County","Texas","throckmorton-tx","33.1789","-99.17749","true","","","","PASS"
"48449","Titus","Titus County Courthouse, Titus County, Texas","1","1","1","1","1","1","1","1","1","1","Titus County Courthouse","Titus County","Texas","titus-tx","33.1570987","-94.9690216","true","","","","PASS"
"48451","Tom Green","Tom Green County Courthouse, Tom Green County, Texas","1","1","1","1","1","1","1","1","1","1","Tom Green County Courthouse","Tom Green County","Texas","tom-green-tx","31.4619053","-100.4397639","true","","","","PASS"
"48453","Travis","Travis County Courthouse, Travis County, Texas","1","1","1","1","1","1","1","1","1","1","Texas Supreme Court Building","Travis County","Texas","travis-tx","30.2758267","-97.7411506","true","","","","PASS"
"48455","Trinity","Trinity County Courthouse, Trinity County, Texas","1","1","1","1","1","1","1","1","1","1","Trinity County Courthouse","Trinity County","Texas","trinity-tx","31.055797","-95.1264235","true","","","","PASS"
"48457","Tyler","Tyler County Courthouse, Tyler County, Texas","1","1","1","1","1","1","1","1","1","1","Tyler County Courthouse","Tyler County","Texas","tyler-tx","30.7752","-94.4155","true","","","","PASS"
"48459","Upshur","Upshur County Courthouse, Upshur County, Texas","1","1","1","1","1","1","1","1","1","1","Upshur County Courthouse","Upshur County","Texas","upshur-tx","32.7291915","-94.94457","true","","","","PASS"
"48461","Upton","Upton County Courthouse, Upton County, Texas","1","1","1","1","1","1","1","1","1","1","Upton County Courthouse","Upton County","Texas","upton-tx","31.2263539","-101.9372816","true","","","","PASS"
"48463","Uvalde","Uvalde County Courthouse, Uvalde County, Texas","1","1","1","1","1","1","1","1","1","1","Uvalde County Courthouse","Uvalde County","Texas","uvalde-tx","29.2100862","-99.7859015","true","","","","PASS"
"48465","Val Verde","Val Verde County Courthouse, Val Verde County, Texas","1","1","1","1","1","1","1","1","1","1","Val Verde County Courthouse","Val Verde County","Texas","val-verde-tx","29.3591358","-100.897155","true","","","","PASS"
"48467","Van Zandt","Van Zandt County Courthouse, Van Zandt County, Texas","1","1","1","1","1","1","1","1","1","1","Van Zandt County Courthouse","Van Zandt County","Texas","van-zandt-tx","32.556191","-95.863072","true","","","","PASS"
"48469","Victoria","Victoria County Courthouse, Victoria County, Texas","1","1","1","1","1","1","1","1","1","1","Victoria County Courthouse","Victoria County","Texas","victoria-tx","28.800168","-97.0072242","true","","","","PASS"
"48471","Walker","Walker County Courthouse, Walker County, Texas","1","1","1","1","1","1","1","1","1","1","Walker County Courthouse","Walker County","Texas","walker-tx","30.723368","-95.5509875","true","","","","PASS"
"48473","Waller","Waller County Courthouse, Waller County, Texas","1","1","1","1","1","1","1","1","1","1","Waller County Courthouse","Waller County","Texas","waller-tx","30.097838","-96.0771827","true","","","","PASS"
"48475","Ward","Ward County Courthouse, Ward County, Texas","1","1","1","1","1","1","1","1","1","1","Ward County Courthouse","Ward County","Texas","ward-tx","31.5919312","-102.8902468","true","","","","PASS"
"48477","Washington","Washington County Courthouse, Washington County, Texas","1","1","1","1","1","1","1","1","1","1","Washington County Courthouse","Washington County","Texas","washington-tx","30.1671173","-96.3976767","true","","","","PASS"
"48479","Webb","Webb County Courthouse, Webb County, Texas","1","1","1","1","1","1","1","1","1","1","Webb County Courthouse","Webb County","Texas","webb-tx","27.5074924","-99.5058741","true","","","","PASS"
"48481","Wharton","Wharton County Courthouse, Wharton County, Texas","1","1","1","1","1","1","1","1","1","1","Wharton County Courthouse","Wharton County","Texas","wharton-tx","29.3102","-96.10092","true","","","","PASS"
"48483","Wheeler","Wheeler County Courthouse, Wheeler County, Texas","1","1","1","1","1","1","1","1","1","1","Wheeler County Courthouse","Wheeler County","Texas","wheeler-tx","35.4446224","-100.2728125","true","","","","PASS"
"48485","Wichita","Wichita County Courthouse, Wichita County, Texas","1","1","1","1","1","1","1","1","1","1","Wichita County District Court","Wichita County","Texas","wichita-tx","33.9124747","-98.4951819","true","","","","PASS"
"48487","Wilbarger","Wilbarger County Courthouse, Wilbarger County, Texas","1","1","1","1","1","1","1","1","1","1","Wilbarger County Courthouse","Wilbarger County","Texas","wilbarger-tx","34.1532146","-99.283887","true","","","","PASS"
"48489","Willacy","Willacy County Courthouse, Willacy County, Texas","1","1","1","1","1","1","1","1","1","1","Willacy County Courthouse","Willacy County","Texas","willacy-tx","26.4823737","-97.7875944","true","","","","PASS"
"48491","Williamson","Williamson County Courthouse, Williamson County, Texas","1","1","1","1","1","1","1","1","1","1","Williamson County Courthouse","Williamson County","Texas","williamson-tx","30.637021","-97.6775427","true","","","","PASS"
"48493","Wilson","Wilson County Courthouse, Wilson County, Texas","1","1","1","1","1","1","1","1","1","1","Wilson County Courthouse","Wilson County","Texas","wilson-tx","29.1333085","-98.1573016","true","","","","PASS"
"48495","Winkler","Winkler County Courthouse, Winkler County, Texas","1","1","1","1","1","1","1","1","1","1","Winkler County Courthouse","Winkler County","Texas","winkler-tx","31.8572191","-103.0936219","true","","","","PASS"
"48497","Wise","Wise County Courthouse, Wise County, Texas","1","1","1","1","1","1","1","1","1","1","Wise County Courthouse","Wise County","Texas","wise-tx","33.2344433","-97.5869507","true","","","","PASS"
"48499","Wood","Wood County Courthouse, Wood County, Texas","1","1","1","1","1","1","1","1","1","1","Wood County Courthouse","Wood County","Texas","wood-tx","32.7958315","-95.452199","true","","","","PASS"
"48501","Yoakum","Yoakum County Courthouse, Yoakum County, Texas","1","1","1","1","1","1","1","1","1","1","Yoakum County Courthouse","Yoakum County","Texas","yoakum-tx","33.1893361","-102.828977","true","","","","PASS"
"48503","Young","Young County Courthouse, Young County, Texas","1","1","1","1","1","1","1","1","1","1","Young County Courthouse","Young County","Texas","young-tx","33.106269","-98.5904166","true","","","","PASS"
"48505","Zapata","Zapata County Courthouse, Zapata County, Texas","1","1","1","1","1","1","1","1","1","1","Zapata County Courthouse","Zapata County","Texas","zapata-tx","26.9022103","-99.2656739","true","","","","PASS"
"48507","Zavala","Zavala County Courthouse, Zavala County, Texas","1","1","1","1","1","1","1","1","1","1","Zavala County Courthouse","Zavala County","Texas","zavala-tx","28.6794135","-99.8269948","true","","","","PASS"
