"Path","Size","SHA256"
"C:\GitHub\liberty-county-map\data\generated\lp104\txgio-addresses\lee-48287.addresses.jsonl.gz","370322","2BD75BECE2DB6308E433EFE3D734333894DBD62BAD04B9223ACC26D29615EC53"
"C:\GitHub\liberty-county-map\data\generated\lp104\txgio-addresses\lee-48287.addresses.jsonl.gz.json","423","BE7353969A0AC3223F92B76B6BAFBF792776EF2E00F6567DCD40F3A0758166A9"
"C:\GitHub\liberty-county-map\data\generated\lp104\txgio-addresses\milam-48331.addresses.jsonl.gz","375753","EFF1E9F78CE0F32C425F3EC7AC687A16589C9403626CFBEF3041B55E24157FD0"
"C:\GitHub\liberty-county-map\data\generated\lp104\txgio-addresses\milam-48331.addresses.jsonl.gz.json","428","342003A4BFD558133F9F1166421315481BA37057AC8A93340EFE8551F2DCA8F6"
"C:\GitHub\liberty-county-map\data\generated\lp104\txgio-addresses\robertson-48395.addresses.jsonl.gz","401846","DBED5F383863FBF4F52DFD98657AF8EDFD7416943C6E5B1B9B179B36AEA8C1E6"
"C:\GitHub\liberty-county-map\data\generated\lp104\txgio-addresses\robertson-48395.addresses.jsonl.gz.json","440","AB59D220A78B3FE1138C7C71CFD75C5CCCE9F7E8E81E4CDB363E3DA86352D90B"
"C:\GitHub\liberty-county-map\reports\lp128-wave-2\certificates\lee-48287.runtime-certificate.json","460","181902E02274E4DAD1E675E8D8D549B849AE559400E6A561CF6616F01ECE4C3B"
"C:\GitHub\liberty-county-map\reports\lp128-wave-2\certificates\milam-48331.runtime-certificate.json","466","32C70DF5FBECAD017C71687844BE6C2472B0A3EB255AC1B1E28EBDF579B730EF"
"C:\GitHub\liberty-county-map\reports\lp128-wave-2\certificates\robertson-48395.runtime-certificate.json","478","18DC50F6DAB58250D846E5779BDE7F31B7685E2CD823ABD238601EB004D500D6"
"C:\GitHub\liberty-county-map\reports\lp128-wave-2\certification\lee-48287.certification.json","1433","09F116165C934C47CBED2B0F5F9F2829AF9922FE79A0AC7F8F644CD59EC0A6EA"
"C:\GitHub\liberty-county-map\reports\lp128-wave-2\certification\milam-48331.certification.json","1418","552177B4C40547C1A72C6694CBC35E554257027E530B8C5554FF9B6DDF0E39B6"
"C:\GitHub\liberty-county-map\reports\lp128-wave-2\certification\robertson-48395.certification.json","1428","5F40FD580B5C8721BDA4D62CA54ADB6781BCA6AC5F24986F0CB6A4567A76BADA"
