statewide_count,TYPEXING,XPURPOSE,PRVCAT,POSXING,HIGHWAY_category,STREET_category,gridlyClassification
1937,Private,1,14,At Grade,PLACEHOLDER/UNKNOWN,PRIVATE,PUBLIC_ROADWAY
863,Private,1,14,At Grade,PRIVATE,PRIVATE,PUBLIC_ROADWAY
247,Private,1,14,At Grade,PLACEHOLDER/UNKNOWN,NAMED/UNSPECIFIED,PUBLIC_ROADWAY
192,Private,1,14,At Grade,NAMED/UNSPECIFIED,PRIVATE,PUBLIC_ROADWAY
188,Private,1,14,At Grade,BLANK,PRIVATE,PUBLIC_ROADWAY
128,Private,1,20,At Grade,PRIVATE,PRIVATE,PUBLIC_ROADWAY
109,Private,1,14,At Grade,PRIVATE,NAMED/UNSPECIFIED,PUBLIC_ROADWAY
68,Private,1,20,At Grade,BLANK,PRIVATE,PUBLIC_ROADWAY
67,Private,1,20,At Grade,PLACEHOLDER/UNKNOWN,PRIVATE,PUBLIC_ROADWAY
64,Private,1,15,At Grade,BLANK,PRIVATE,PUBLIC_ROADWAY
58,Private,1,14,At Grade,BLANK,NAMED/UNSPECIFIED,PUBLIC_ROADWAY
48,Private,1,14,At Grade,PLACEHOLDER/UNKNOWN,PRIVATE+YARD/RAIL_ONLY,PUBLIC_ROADWAY
48,Private,1,14,RR Over,PLACEHOLDER/UNKNOWN,PRIVATE,PUBLIC_ROADWAY
47,Private,1,14,RR Over,PRIVATE,PRIVATE,PUBLIC_ROADWAY
44,Private,1,14,At Grade,NAMED/UNSPECIFIED,NAMED/UNSPECIFIED,PUBLIC_ROADWAY
44,Private,1,14,At Grade,PLACEHOLDER/UNKNOWN,PRIVATE,PRIVATE_ROAD
38,Private,1,14,At Grade,PRIVATE,YARD/RAIL_ONLY,PUBLIC_ROADWAY
33,Private,1,14,At Grade,PLACEHOLDER/UNKNOWN,PRIVATE+FARM,PUBLIC_ROADWAY
29,Private,1,21,At Grade,PRIVATE,NAMED/UNSPECIFIED,PUBLIC_ROADWAY
29,Private,1,21,At Grade,PRIVATE,PRIVATE,PUBLIC_ROADWAY
28,Private,1,24,At Grade,PRIVATE,PRIVATE,PUBLIC_ROADWAY
24,Private,1,20,At Grade,NAMED/UNSPECIFIED,PRIVATE,PUBLIC_ROADWAY
21,Private,1,14,At Grade,PLACEHOLDER/UNKNOWN,PRIVATE+INDUSTRIAL,PUBLIC_ROADWAY
21,Private,1,14,At Grade,PRIVATE,PRIVATE,PRIVATE_ROAD
18,Private,1,14,At Grade,PLACEHOLDER/UNKNOWN,INDUSTRIAL,PUBLIC_ROADWAY
18,Private,1,14,At Grade,PRIVATE,PRIVATE+FARM,PUBLIC_ROADWAY
17,Private,1,14,At Grade,PLACEHOLDER/UNKNOWN,PUBLIC_ROAD,PUBLIC_ROADWAY
17,Private,1,20,At Grade,PLACEHOLDER/UNKNOWN,NAMED/UNSPECIFIED,PUBLIC_ROADWAY
16,Private,1,20,At Grade,PRIVATE,PRIVATE+FARM,PUBLIC_ROADWAY
14,Private,1,15,At Grade,BLANK,NAMED/UNSPECIFIED,PUBLIC_ROADWAY
13,Private,1,22,At Grade,PLACEHOLDER/UNKNOWN,PRIVATE,PUBLIC_ROADWAY
13,Private,1,24,At Grade,PLACEHOLDER/UNKNOWN,PRIVATE,PUBLIC_ROADWAY
12,Private,1,20,At Grade,PRIVATE,FARM,PUBLIC_ROADWAY
10,Private,1,14,At Grade,PUBLIC_ROAD,PRIVATE,PUBLIC_ROADWAY
10,Private,1,20,At Grade,PRIVATE,NAMED/UNSPECIFIED,PUBLIC_ROADWAY
10,Private,2,14,At Grade,PRIVATE,PRIVATE,PUBLIC_ROADWAY
9,Private,1,14,At Grade,PLACEHOLDER/UNKNOWN,YARD/RAIL_ONLY,PUBLIC_ROADWAY
9,Private,1,15,At Grade,BLANK,FARM,PUBLIC_ROADWAY
9,Private,1,21,At Grade,PLACEHOLDER/UNKNOWN,PRIVATE,PUBLIC_ROADWAY
9,Private,1,24,At Grade,PRIVATE+PUBLIC_ROAD,PRIVATE,PUBLIC_ROADWAY
8,Private,1,14,At Grade,FARM,PRIVATE,PUBLIC_ROADWAY
8,Private,1,14,At Grade,PUBLIC_ROAD,NAMED/UNSPECIFIED,PUBLIC_ROADWAY
8,Private,1,20,At Grade,NAMED/UNSPECIFIED,NAMED/UNSPECIFIED,PUBLIC_ROADWAY
8,Private,1,20,RR Over,PLACEHOLDER/UNKNOWN,PRIVATE,PUBLIC_ROADWAY
7,Private,1,14,At Grade,INDUSTRIAL,INDUSTRIAL,PUBLIC_ROADWAY
7,Private,1,14,At Grade,PLACEHOLDER/UNKNOWN,DRIVEWAY,PUBLIC_ROADWAY
7,Private,1,14,At Grade,PLACEHOLDER/UNKNOWN,FARM,PUBLIC_ROADWAY
7,Private,1,14,At Grade,PLACEHOLDER/UNKNOWN,PRIVATE,INDUSTRIAL
6,Private,1,15,At Grade,PLACEHOLDER/UNKNOWN,PRIVATE,PUBLIC_ROADWAY
6,Private,1,15,At Grade,PRIVATE,PRIVATE,PUBLIC_ROADWAY
5,Private,1,14,At Grade,BLANK,INDUSTRIAL,PUBLIC_ROADWAY
5,Private,1,14,At Grade,PRIVATE,FARM,PUBLIC_ROADWAY
5,Private,1,14,At Grade,PUBLIC_ROAD,PUBLIC_ROAD,PUBLIC_ROADWAY
5,Private,1,14,RR Over,NAMED/UNSPECIFIED,NAMED/UNSPECIFIED,PUBLIC_ROADWAY
5,Private,1,14,RR Over,NAMED/UNSPECIFIED,PRIVATE,PUBLIC_ROADWAY
5,Private,1,24,At Grade,NAMED/UNSPECIFIED,NAMED/UNSPECIFIED,PUBLIC_ROADWAY
5,Private,1,24,At Grade,PLACEHOLDER/UNKNOWN,NAMED/UNSPECIFIED,PUBLIC_ROADWAY
5,Private,1,24,At Grade,PRIVATE,NAMED/UNSPECIFIED,PUBLIC_ROADWAY
5,Private,1,24,At Grade,PUBLIC_ROAD,PRIVATE,PUBLIC_ROADWAY
4,Private,1,14,At Grade,PLACEHOLDER/UNKNOWN,PRIVATE+SERVICE/ACCESS,PUBLIC_ROADWAY
4,Private,1,14,At Grade,PRIVATE,PRIVATE+DRIVEWAY,PUBLIC_ROADWAY
4,Private,1,14,At Grade,PRIVATE,PRIVATE+INDUSTRIAL,PUBLIC_ROADWAY
4,Private,1,14,At Grade,PRIVATE,SERVICE/ACCESS,PUBLIC_ROADWAY
4,Private,1,15,At Grade,NAMED/UNSPECIFIED,NAMED/UNSPECIFIED,PUBLIC_ROADWAY
4,Private,1,22,At Grade,FARM,FARM,PUBLIC_ROADWAY
4,Private,1,22,At Grade,PRIVATE,PRIVATE,PUBLIC_ROADWAY
4,Private,1,24,At Grade,NAMED/UNSPECIFIED,PRIVATE,PUBLIC_ROADWAY
4,Private,2,14,At Grade,PLACEHOLDER/UNKNOWN,PRIVATE,PUBLIC_ROADWAY
4,Private,2,14,At Grade,PRIVATE,NAMED/UNSPECIFIED,PUBLIC_ROADWAY
3,Private,1,14,At Grade,PLACEHOLDER/UNKNOWN,PLACEHOLDER/UNKNOWN,PUBLIC_ROADWAY
3,Private,1,14,At Grade,PLACEHOLDER/UNKNOWN,PRIVATE+DRIVEWAY,PUBLIC_ROADWAY
3,Private,1,14,At Grade,PLACEHOLDER/UNKNOWN,SERVICE/ACCESS,PUBLIC_ROADWAY
3,Private,1,14,At Grade,PRIVATE,DRIVEWAY,PUBLIC_ROADWAY
3,Private,1,14,RR Over,PLACEHOLDER/UNKNOWN,NAMED/UNSPECIFIED,PUBLIC_ROADWAY
3,Private,1,14,RR Under,PLACEHOLDER/UNKNOWN,PRIVATE,PUBLIC_ROADWAY
3,Private,1,15,At Grade,BLANK,YARD/RAIL_ONLY,PUBLIC_ROADWAY
3,Private,1,15,At Grade,NAMED/UNSPECIFIED,PRIVATE,PUBLIC_ROADWAY
3,Private,1,19,At Grade,PLACEHOLDER/UNKNOWN,NAMED/UNSPECIFIED,PUBLIC_ROADWAY
3,Private,1,19,At Grade,PRIVATE,PRIVATE,PUBLIC_ROADWAY
3,Private,1,20,At Grade,BLANK,NAMED/UNSPECIFIED,PUBLIC_ROADWAY
3,Private,1,21,At Grade,BLANK,PRIVATE,PUBLIC_ROADWAY
3,Private,1,21,At Grade,PLACEHOLDER/UNKNOWN,NAMED/UNSPECIFIED,PUBLIC_ROADWAY
3,Private,1,22,At Grade,NAMED/UNSPECIFIED,NAMED/UNSPECIFIED,PUBLIC_ROADWAY
3,Private,2,15,At Grade,PRIVATE,PRIVATE,PUBLIC_ROADWAY
2,Private,1,14,At Grade,BLANK,SERVICE/ACCESS,PUBLIC_ROADWAY
2,Private,1,14,At Grade,NAMED/UNSPECIFIED,PUBLIC_ROAD,PUBLIC_ROADWAY
2,Private,1,14,At Grade,PLACEHOLDER/UNKNOWN,INDUSTRIAL+DRIVEWAY,PUBLIC_ROADWAY
2,Private,1,14,At Grade,PLACEHOLDER/UNKNOWN,PRIVATE+PUBLIC_ROAD,PUBLIC_ROADWAY
2,Private,1,14,At Grade,PLACEHOLDER/UNKNOWN,PRIVATE+YARD/RAIL_ONLY+DRIVEWAY,PUBLIC_ROADWAY
2,Private,1,14,At Grade,PLACEHOLDER/UNKNOWN,RESIDENTIAL,PUBLIC_ROADWAY
2,Private,1,14,At Grade,PRIVATE,INDUSTRIAL,PUBLIC_ROADWAY
2,Private,1,14,At Grade,PRIVATE,PRIVATE+YARD/RAIL_ONLY,PUBLIC_ROADWAY
2,Private,1,14,At Grade,PRIVATE+PUBLIC_ROAD,PRIVATE+PUBLIC_ROAD,PUBLIC_ROADWAY
2,Private,1,14,At Grade,SERVICE/ACCESS,NAMED/UNSPECIFIED,PUBLIC_ROADWAY
2,Private,1,14,At Grade,YARD/RAIL_ONLY,PRIVATE,PUBLIC_ROADWAY
2,Private,1,14,At Grade,YARD/RAIL_ONLY,YARD/RAIL_ONLY,PUBLIC_ROADWAY
2,Private,1,14,RR Over,NAMED/UNSPECIFIED,PRIVATE+DRIVEWAY,PUBLIC_ROADWAY
2,Private,1,14,RR Over,PRIVATE,NAMED/UNSPECIFIED,PUBLIC_ROADWAY
2,Private,1,14,RR Under,NAMED/UNSPECIFIED,NAMED/UNSPECIFIED,PUBLIC_ROADWAY
2,Private,1,14,RR Under,PLACEHOLDER/UNKNOWN,NAMED/UNSPECIFIED,PUBLIC_ROADWAY
2,Private,1,14,RR Under,PRIVATE,INDUSTRIAL,PUBLIC_ROADWAY
2,Private,1,19,At Grade,PLACEHOLDER/UNKNOWN,PRIVATE,PUBLIC_ROADWAY
2,Private,1,20,At Grade,PLACEHOLDER/UNKNOWN,SERVICE/ACCESS,PUBLIC_ROADWAY
2,Private,1,20,At Grade,PRIVATE,YARD/RAIL_ONLY+SERVICE/ACCESS,PUBLIC_ROADWAY
2,Private,1,20,RR Over,NAMED/UNSPECIFIED,PRIVATE+DRIVEWAY,PUBLIC_ROADWAY
2,Private,1,21,At Grade,PLACEHOLDER/UNKNOWN,PRIVATE+INDUSTRIAL,PUBLIC_ROADWAY
2,Private,1,21,RR Over,PLACEHOLDER/UNKNOWN,PRIVATE,PUBLIC_ROADWAY
2,Private,2,14,At Grade,NAMED/UNSPECIFIED,NAMED/UNSPECIFIED,PUBLIC_ROADWAY
2,Private,2,14,At Grade,PLACEHOLDER/UNKNOWN,NAMED/UNSPECIFIED,PUBLIC_ROADWAY
2,Private,3,14,At Grade,NAMED/UNSPECIFIED,NAMED/UNSPECIFIED,PUBLIC_ROADWAY
1,Private,1,14,At Grade,NAMED/UNSPECIFIED,DRIVEWAY,PUBLIC_ROADWAY
1,Private,1,14,At Grade,NAMED/UNSPECIFIED,FARM,PUBLIC_ROADWAY
1,Private,1,14,At Grade,NAMED/UNSPECIFIED,PRIVATE,PRIVATE_ROAD
1,Private,1,14,At Grade,NAMED/UNSPECIFIED,PRIVATE+FARM,PUBLIC_ROADWAY
1,Private,1,14,At Grade,NAMED/UNSPECIFIED,RESIDENTIAL,PUBLIC_ROADWAY
1,Private,1,14,At Grade,NAMED/UNSPECIFIED,SERVICE/ACCESS,PUBLIC_ROADWAY
1,Private,1,14,At Grade,PLACEHOLDER/UNKNOWN,COMMERCIAL,PUBLIC_ROADWAY
1,Private,1,14,At Grade,PLACEHOLDER/UNKNOWN,INDUSTRIAL+SERVICE/ACCESS,PUBLIC_ROADWAY
1,Private,1,14,At Grade,PLACEHOLDER/UNKNOWN,PRIVATE+INDUSTRIAL+SERVICE/ACCESS,PUBLIC_ROADWAY
1,Private,1,14,At Grade,PLACEHOLDER/UNKNOWN,PRIVATE+INDUSTRIAL+YARD/RAIL_ONLY,PUBLIC_ROADWAY
1,Private,1,14,At Grade,PLACEHOLDER/UNKNOWN,SERVICE/ACCESS,TEMPORARY_ACCESS
1,Private,1,14,At Grade,PRIVATE,PRIVATE+FARM,PRIVATE_ROAD
1,Private,1,14,At Grade,PRIVATE,PUBLIC_ROAD,PUBLIC_ROADWAY
1,Private,1,14,At Grade,PRIVATE,YARD/RAIL_ONLY,RAIL_YARD
1,Private,1,14,At Grade,PRIVATE+DRIVEWAY,NAMED/UNSPECIFIED,PUBLIC_ROADWAY
1,Private,1,14,At Grade,PRIVATE+DRIVEWAY,PRIVATE,PUBLIC_ROADWAY
1,Private,1,14,At Grade,PRIVATE+PUBLIC_ROAD,PRIVATE,PUBLIC_ROADWAY
1,Private,1,14,RR Over,BLANK,PRIVATE,PUBLIC_ROADWAY
1,Private,1,14,RR Over,NAMED/UNSPECIFIED,DRIVEWAY,PUBLIC_ROADWAY
1,Private,1,14,RR Over,PLACEHOLDER/UNKNOWN,SERVICE/ACCESS,PUBLIC_ROADWAY
1,Private,1,14,RR Over,PUBLIC_ROAD,PRIVATE,PUBLIC_ROADWAY
1,Private,1,14,RR Under,NAMED/UNSPECIFIED,PRIVATE,PUBLIC_ROADWAY
1,Private,1,15,At Grade,BLANK,SERVICE/ACCESS,PUBLIC_ROADWAY
1,Private,1,15,At Grade,DRIVEWAY,NAMED/UNSPECIFIED,PUBLIC_ROADWAY
1,Private,1,15,At Grade,PLACEHOLDER/UNKNOWN,NAMED/UNSPECIFIED,PUBLIC_ROADWAY
1,Private,1,15,At Grade,PRIVATE,NAMED/UNSPECIFIED,PUBLIC_ROADWAY
1,Private,1,15,RR Over,NAMED/UNSPECIFIED,DRIVEWAY,PUBLIC_ROADWAY
1,Private,1,19,At Grade,NAMED/UNSPECIFIED,NAMED/UNSPECIFIED,PUBLIC_ROADWAY
1,Private,1,19,At Grade,PLACEHOLDER/UNKNOWN,PLACEHOLDER/UNKNOWN,PUBLIC_ROADWAY
1,Private,1,19,At Grade,PRIVATE,PRIVATE+YARD/RAIL_ONLY,PUBLIC_ROADWAY
1,Private,1,19,At Grade,PUBLIC_ROAD,NAMED/UNSPECIFIED,PUBLIC_ROADWAY
1,Private,1,20,At Grade,FARM,PRIVATE,PUBLIC_ROADWAY
1,Private,1,20,At Grade,PLACEHOLDER/UNKNOWN,DRIVEWAY,PUBLIC_ROADWAY
1,Private,1,20,At Grade,PLACEHOLDER/UNKNOWN,INDUSTRIAL,PUBLIC_ROADWAY
1,Private,1,20,At Grade,PLACEHOLDER/UNKNOWN,PLACEHOLDER/UNKNOWN,PUBLIC_ROADWAY
1,Private,1,20,At Grade,PLACEHOLDER/UNKNOWN,PUBLIC_ROAD,PUBLIC_ROADWAY
1,Private,1,20,At Grade,PRIVATE,DRIVEWAY,PUBLIC_ROADWAY
1,Private,1,20,At Grade,PRIVATE,INDUSTRIAL,PUBLIC_ROADWAY
1,Private,1,20,At Grade,PRIVATE,SERVICE/ACCESS,PUBLIC_ROADWAY
1,Private,1,20,RR Over,PLACEHOLDER/UNKNOWN,NAMED/UNSPECIFIED,PUBLIC_ROADWAY
1,Private,1,20,RR Over,PRIVATE,NAMED/UNSPECIFIED,PUBLIC_ROADWAY
1,Private,1,20,RR Over,PRIVATE,PRIVATE,PUBLIC_ROADWAY
1,Private,1,21,At Grade,BLANK,NAMED/UNSPECIFIED,PUBLIC_ROADWAY
1,Private,1,21,At Grade,NAMED/UNSPECIFIED,NAMED/UNSPECIFIED,PUBLIC_ROADWAY
1,Private,1,21,At Grade,NAMED/UNSPECIFIED,PRIVATE,PUBLIC_ROADWAY
1,Private,1,21,At Grade,PLACEHOLDER/UNKNOWN,PLACEHOLDER/UNKNOWN,PUBLIC_ROADWAY
1,Private,1,21,At Grade,PRIVATE,DRIVEWAY,PUBLIC_ROADWAY
1,Private,1,21,At Grade,PRIVATE,PLACEHOLDER/UNKNOWN,PUBLIC_ROADWAY
1,Private,1,21,RR Under,NAMED/UNSPECIFIED,NAMED/UNSPECIFIED,PUBLIC_ROADWAY
1,Private,1,21,RR Under,PLACEHOLDER/UNKNOWN,NAMED/UNSPECIFIED,PUBLIC_ROADWAY
1,Private,1,22,At Grade,NAMED/UNSPECIFIED,PRIVATE,PUBLIC_ROADWAY
1,Private,1,22,At Grade,PLACEHOLDER/UNKNOWN,NAMED/UNSPECIFIED,PUBLIC_ROADWAY
1,Private,1,22,At Grade,PLACEHOLDER/UNKNOWN,PRIVATE+DRIVEWAY,PUBLIC_ROADWAY
1,Private,1,22,At Grade,PRIVATE,INDUSTRIAL,PUBLIC_ROADWAY
1,Private,1,22,RR Over,PLACEHOLDER/UNKNOWN,PRIVATE,PUBLIC_ROADWAY
1,Private,1,24,At Grade,PLACEHOLDER/UNKNOWN,DRIVEWAY,PUBLIC_ROADWAY
1,Private,1,24,At Grade,PRIVATE,PRIVATE+INDUSTRIAL,PUBLIC_ROADWAY
1,Private,2,14,At Grade,NAMED/UNSPECIFIED,PRIVATE,PUBLIC_ROADWAY
1,Private,2,14,RR Over,PLACEHOLDER/UNKNOWN,NAMED/UNSPECIFIED,PUBLIC_ROADWAY
1,Private,2,14,RR Under,NAMED/UNSPECIFIED,NAMED/UNSPECIFIED,PUBLIC_ROADWAY
1,Private,2,14,RR Under,PLACEHOLDER/UNKNOWN,NAMED/UNSPECIFIED,PUBLIC_ROADWAY
1,Private,2,15,RR Over,PLACEHOLDER/UNKNOWN,PRIVATE,PUBLIC_ROADWAY
1,Private,2,15,RR Under,NAMED/UNSPECIFIED,NAMED/UNSPECIFIED,PUBLIC_ROADWAY
1,Private,2,20,RR Under,NAMED/UNSPECIFIED,NAMED/UNSPECIFIED,PUBLIC_ROADWAY
1,Private,2,22,RR Under,PLACEHOLDER/UNKNOWN,PRIVATE,PUBLIC_ROADWAY
1,Private,2,24,At Grade,NAMED/UNSPECIFIED,NAMED/UNSPECIFIED,PUBLIC_ROADWAY
1,Private,3,14,At Grade,NAMED/UNSPECIFIED,INDUSTRIAL,PUBLIC_ROADWAY
1,Private,3,14,At Grade,YARD/RAIL_ONLY,YARD/RAIL_ONLY,PUBLIC_ROADWAY
1,Private,3,20,At Grade,PRIVATE,NAMED/UNSPECIFIED,PUBLIC_ROADWAY
