"County","FIPS","Certification status","Failure stage","Primary classification","Evidence reference"
"Anderson County","48001","CERTIFIED","","OBSERVED_PASS","reports/lp130-statewide-addresses/batch-01/certification/anderson-48001.certification.json"
"Andrews County","48003","CERTIFIED","","OBSERVED_PASS","reports/lp130-statewide-addresses/batch-01/certification/andrews-48003.certification.json"
"Angelina County","48005","CERTIFIED","","OBSERVED_PASS","reports/lp130-statewide-addresses/batch-01/certification/angelina-48005.certification.json"
"Aransas County","48007","CERTIFIED","","OBSERVED_PASS","reports/lp130-statewide-addresses/batch-01/certification/aransas-48007.certification.json"
"Archer County","48009","CERTIFIED","","OBSERVED_PASS","reports/lp130-statewide-addresses/batch-01/certification/archer-48009.certification.json"
"Armstrong County","48011","CERTIFIED","","OBSERVED_PASS","reports/lp130-statewide-addresses/batch-01/certification/armstrong-48011.certification.json"
"Atascosa County","48013","CERTIFIED","","OBSERVED_PASS","reports/lp130-statewide-addresses/batch-01/certification/atascosa-48013.certification.json"
"Austin County","48015","CERTIFIED","","OBSERVED_PASS","data/generated/lp1051/certification/austin-48015.certification.json"
"Bailey County","48017","CERTIFIED","","OBSERVED_PASS","reports/lp130-statewide-addresses/batch-01/certification/bailey-48017.certification.json"
"Bandera County","48019","CERTIFIED","","OBSERVED_PASS","reports/lp130-statewide-addresses/batch-01/certification/bandera-48019.certification.json"
"Bastrop County","48021","CERTIFIED","","OBSERVED_PASS","reports/lp130-statewide-addresses/batch-01/certification/bastrop-48021.certification.json"
"Baylor County","48023","CERTIFIED","","OBSERVED_PASS","reports/lp130-statewide-addresses/batch-01/certification/baylor-48023.certification.json"
"Bee County","48025","CERTIFIED","","OBSERVED_PASS","reports/lp130-statewide-addresses/batch-01/certification/bee-48025.certification.json"
"Bell County","48027","CERTIFIED","","OBSERVED_PASS","reports/lp130-statewide-addresses/batch-01/certification/bell-48027.certification.json"
"Bexar County","48029","CERTIFIED","","OBSERVED_PASS","reports/lp130-statewide-addresses/batch-01/certification/bexar-48029.certification.json"
"Blanco County","48031","CERTIFIED","","OBSERVED_PASS","reports/lp130-statewide-addresses/batch-01/certification/blanco-48031.certification.json"
"Borden County","48033","CERTIFIED","","OBSERVED_PASS","reports/lp130-statewide-addresses/batch-01/certification/borden-48033.certification.json"
"Bosque County","48035","CERTIFIED","","OBSERVED_PASS","reports/lp130-statewide-addresses/batch-01/certification/bosque-48035.certification.json"
"Bowie County","48037","CERTIFIED","","OBSERVED_PASS","reports/lp130-statewide-addresses/batch-01/certification/bowie-48037.certification.json"
"Brazoria County","48039","CERTIFIED","","OBSERVED_PASS","data/generated/lp1051/certification/brazoria-48039.certification.json"
"Brazos County","48041","CERTIFIED","","OBSERVED_PASS","data/generated/lp1051/certification/brazos-48041.certification.json"
"Brewster County","48043","CERTIFIED","","OBSERVED_PASS","reports/lp130-statewide-addresses/batch-01/certification/brewster-48043.certification.json"
"Briscoe County","48045","CERTIFIED","","OBSERVED_PASS","reports/lp130-statewide-addresses/batch-01/certification/briscoe-48045.certification.json"
"Brooks County","48047","CERTIFIED","","OBSERVED_PASS","reports/lp130-statewide-addresses/batch-01/certification/brooks-48047.certification.json"
"Brown County","48049","CERTIFIED","","OBSERVED_PASS","reports/lp130-statewide-addresses/batch-01/certification/brown-48049.certification.json"
"Burleson County","48051","CERTIFIED","","OBSERVED_PASS","reports/lp129-wave-3/certification/burleson-48051.certification.json"
"Burnet County","48053","CERTIFIED","","OBSERVED_PASS","reports/lp130-statewide-addresses/batch-01/certification/burnet-48053.certification.json"
"Caldwell County","48055","CERTIFIED","","OBSERVED_PASS","reports/lp130-statewide-addresses/batch-01/certification/caldwell-48055.certification.json"
"Calhoun County","48057","CERTIFIED","","OBSERVED_PASS","data/generated/lp1051/certification/calhoun-48057.certification.json"
"Callahan County","48059","CERTIFIED","","OBSERVED_PASS","reports/lp130-statewide-addresses/batch-01/certification/callahan-48059.certification.json"
"Cameron County","48061","CERTIFICATION_BLOCKED","PACKAGE_AVAILABILITY","LOCAL_PACKAGE_UNAVAILABLE","evidence/lp134/certification-results.json#/remaining/0"
"Camp County","48063","CERTIFIED","","OBSERVED_PASS","reports/lp130-statewide-addresses/batch-02/certification/camp-48063.certification.json"
"Carson County","48065","CERTIFIED","","OBSERVED_PASS","reports/lp130-statewide-addresses/batch-02/certification/carson-48065.certification.json"
"Cass County","48067","CERTIFIED","","OBSERVED_PASS","reports/lp130-statewide-addresses/batch-02/certification/cass-48067.certification.json"
"Castro County","48069","CERTIFIED","","OBSERVED_PASS","reports/lp130-statewide-addresses/batch-02/certification/castro-48069.certification.json"
"Chambers County","48071","CERTIFIED","","OBSERVED_PASS","data/generated/lp1051/certification/chambers-48071.certification.json"
"Cherokee County","48073","CERTIFICATION_BLOCKED","PACKAGE_AVAILABILITY","LOCAL_PACKAGE_UNAVAILABLE","evidence/lp134/certification-results.json#/remaining/1"
"Childress County","48075","CERTIFIED","","OBSERVED_PASS","reports/lp130-statewide-addresses/batch-02/certification/childress-48075.certification.json"
"Clay County","48077","CERTIFIED","","OBSERVED_PASS","reports/lp130-statewide-addresses/batch-02/certification/clay-48077.certification.json"
"Cochran County","48079","CERTIFIED","","OBSERVED_PASS","reports/lp130-statewide-addresses/batch-02/certification/cochran-48079.certification.json"
"Coke County","48081","CERTIFIED","","OBSERVED_PASS","reports/lp130-statewide-addresses/batch-02/certification/coke-48081.certification.json"
"Coleman County","48083","CERTIFIED","","OBSERVED_PASS","reports/lp130-statewide-addresses/batch-02/certification/coleman-48083.certification.json"
"Collin County","48085","CERTIFIED","","OBSERVED_PASS","reports/lp130-statewide-addresses/batch-02/certification/collin-48085.certification.json"
"Collingsworth County","48087","CERTIFIED","","OBSERVED_PASS","reports/lp130-statewide-addresses/batch-02/certification/collingsworth-48087.certification.json"
"Colorado County","48089","CERTIFIED","","OBSERVED_PASS","data/generated/lp1051/certification/colorado-48089.certification.json"
"Comal County","48091","CERTIFIED","","OBSERVED_PASS","reports/lp130-statewide-addresses/batch-02/certification/comal-48091.certification.json"
"Comanche County","48093","CERTIFIED","","OBSERVED_PASS","reports/lp130-statewide-addresses/batch-02/certification/comanche-48093.certification.json"
"Concho County","48095","CERTIFIED","","OBSERVED_PASS","reports/lp130-statewide-addresses/batch-02/certification/concho-48095.certification.json"
"Cooke County","48097","CERTIFIED","","OBSERVED_PASS","reports/lp130-statewide-addresses/batch-02/certification/cooke-48097.certification.json"
"Coryell County","48099","CERTIFIED","","OBSERVED_PASS","reports/lp130-statewide-addresses/batch-02/certification/coryell-48099.certification.json"
"Cottle County","48101","CERTIFIED","","OBSERVED_PASS","reports/lp130-statewide-addresses/batch-02/certification/cottle-48101.certification.json"
"Crane County","48103","CERTIFIED","","OBSERVED_PASS","reports/lp130-statewide-addresses/batch-02/certification/crane-48103.certification.json"
"Crockett County","48105","CERTIFIED","","OBSERVED_PASS","reports/lp130-statewide-addresses/batch-02/certification/crockett-48105.certification.json"
"Crosby County","48107","CERTIFIED","","OBSERVED_PASS","reports/lp130-statewide-addresses/batch-02/certification/crosby-48107.certification.json"
"Culberson County","48109","CERTIFIED","","OBSERVED_PASS","reports/lp130-statewide-addresses/batch-02/certification/culberson-48109.certification.json"
"Dallam County","48111","CERTIFIED","","OBSERVED_PASS","reports/lp130-statewide-addresses/batch-02/certification/dallam-48111.certification.json"
"Dallas County","48113","CERTIFICATION_BLOCKED","PACKAGE_AVAILABILITY","LOCAL_PACKAGE_UNAVAILABLE","evidence/lp134/certification-results.json#/remaining/2"
"Dawson County","48115","CERTIFIED","","OBSERVED_PASS","reports/lp130-statewide-addresses/batch-03/certification/dawson-48115.certification.json"
"Deaf Smith County","48117","CERTIFIED","","OBSERVED_PASS","reports/lp130-statewide-addresses/batch-03/certification/deaf-smith-48117.certification.json"
"Delta County","48119","CERTIFIED","","OBSERVED_PASS","reports/lp130-statewide-addresses/batch-03/certification/delta-48119.certification.json"
"Denton County","48121","CERTIFICATION_BLOCKED","PACKAGE_AVAILABILITY","LOCAL_PACKAGE_UNAVAILABLE","evidence/lp134/certification-results.json#/remaining/3"
"DeWitt County","48123","CERTIFIED","","OBSERVED_PASS","reports/lp130-statewide-addresses/batch-03/certification/dewitt-48123.certification.json"
"Dickens County","48125","CERTIFIED","","OBSERVED_PASS","reports/lp130-statewide-addresses/batch-03/certification/dickens-48125.certification.json"
"Dimmit County","48127","CERTIFIED","","OBSERVED_PASS","reports/lp130-statewide-addresses/batch-03/certification/dimmit-48127.certification.json"
"Donley County","48129","CERTIFIED","","OBSERVED_PASS","reports/lp130-statewide-addresses/batch-03/certification/donley-48129.certification.json"
"Duval County","48131","CERTIFIED","","OBSERVED_PASS","reports/lp130-statewide-addresses/batch-03/certification/duval-48131.certification.json"
"Eastland County","48133","CERTIFIED","","OBSERVED_PASS","reports/lp130-statewide-addresses/batch-03/certification/eastland-48133.certification.json"
"Ector County","48135","CERTIFICATION_BLOCKED","PACKAGE_AVAILABILITY","LOCAL_PACKAGE_UNAVAILABLE","evidence/lp134/certification-results.json#/remaining/4"
"Edwards County","48137","CERTIFIED","","OBSERVED_PASS","reports/lp130-statewide-addresses/batch-03/certification/edwards-48137.certification.json"
"Ellis County","48139","CERTIFIED","","OBSERVED_PASS","reports/lp130-statewide-addresses/batch-03/certification/ellis-48139.certification.json"
"El Paso County","48141","CERTIFIED","","OBSERVED_PASS","reports/lp130-statewide-addresses/batch-03/certification/el-paso-48141.certification.json"
"Erath County","48143","CERTIFIED","","OBSERVED_PASS","reports/lp130-statewide-addresses/batch-03/certification/erath-48143.certification.json"
"Falls County","48145","CERTIFIED","","OBSERVED_PASS","reports/lp130-statewide-addresses/batch-03/certification/falls-48145.certification.json"
"Fannin County","48147","CERTIFIED","","OBSERVED_PASS","reports/lp130-statewide-addresses/batch-03/certification/fannin-48147.certification.json"
"Fayette County","48149","CERTIFIED","","OBSERVED_PASS","data/generated/lp1051/certification/fayette-48149.certification.json"
"Fisher County","48151","CERTIFIED","","OBSERVED_PASS","reports/lp130-statewide-addresses/batch-03/certification/fisher-48151.certification.json"
"Floyd County","48153","CERTIFIED","","OBSERVED_PASS","reports/lp130-statewide-addresses/batch-03/certification/floyd-48153.certification.json"
"Foard County","48155","CERTIFIED","","OBSERVED_PASS","reports/lp130-statewide-addresses/batch-03/certification/foard-48155.certification.json"
"Fort Bend County","48157","CERTIFIED","","OBSERVED_PASS","data/generated/lp1051/certification/fort-bend-48157.certification.json"
"Franklin County","48159","CERTIFIED","","OBSERVED_PASS","reports/lp130-statewide-addresses/batch-03/certification/franklin-48159.certification.json"
"Freestone County","48161","CERTIFIED","","OBSERVED_PASS","reports/lp130-statewide-addresses/batch-03/certification/freestone-48161.certification.json"
"Frio County","48163","CERTIFIED","","OBSERVED_PASS","reports/lp130-statewide-addresses/batch-03/certification/frio-48163.certification.json"
"Gaines County","48165","CERTIFIED","","OBSERVED_PASS","reports/lp130-statewide-addresses/batch-03/certification/gaines-48165.certification.json"
"Galveston County","48167","CERTIFIED","","OBSERVED_PASS","data/generated/lp1051/certification/galveston-48167.certification.json"
"Garza County","48169","CERTIFIED","","OBSERVED_PASS","reports/lp130-statewide-addresses/batch-03/certification/garza-48169.certification.json"
"Gillespie County","48171","CERTIFIED","","OBSERVED_PASS","reports/lp130-statewide-addresses/batch-04/certification/gillespie-48171.certification.json"
"Glasscock County","48173","CERTIFIED","","OBSERVED_PASS","reports/lp130-statewide-addresses/batch-04/certification/glasscock-48173.certification.json"
"Goliad County","48175","CERTIFIED","","OBSERVED_PASS","reports/lp130-statewide-addresses/batch-04/certification/goliad-48175.certification.json"
"Gonzales County","48177","CERTIFIED","","OBSERVED_PASS","reports/lp130-statewide-addresses/batch-04/certification/gonzales-48177.certification.json"
"Gray County","48179","CERTIFIED","","OBSERVED_PASS","reports/lp130-statewide-addresses/batch-04/certification/gray-48179.certification.json"
"Grayson County","48181","CERTIFIED","","OBSERVED_PASS","reports/lp130-statewide-addresses/batch-04/certification/grayson-48181.certification.json"
"Gregg County","48183","CERTIFIED","","OBSERVED_PASS","reports/lp130-statewide-addresses/batch-04/certification/gregg-48183.certification.json"
"Grimes County","48185","CERTIFIED","","OBSERVED_PASS","data/generated/lp1051/certification/grimes-48185.certification.json"
"Guadalupe County","48187","CERTIFIED","","OBSERVED_PASS","reports/lp130-statewide-addresses/batch-04/certification/guadalupe-48187.certification.json"
"Hale County","48189","CERTIFIED","","OBSERVED_PASS","reports/lp130-statewide-addresses/batch-04/certification/hale-48189.certification.json"
"Hall County","48191","CERTIFIED","","OBSERVED_PASS","reports/lp130-statewide-addresses/batch-04/certification/hall-48191.certification.json"
"Hamilton County","48193","CERTIFIED","","OBSERVED_PASS","reports/lp130-statewide-addresses/batch-04/certification/hamilton-48193.certification.json"
"Hansford County","48195","CERTIFIED","","OBSERVED_PASS","reports/lp130-statewide-addresses/batch-04/certification/hansford-48195.certification.json"
"Hardeman County","48197","CERTIFIED","","OBSERVED_PASS","reports/lp130-statewide-addresses/batch-04/certification/hardeman-48197.certification.json"
"Hardin County","48199","CERTIFIED","","OBSERVED_PASS","data/generated/lp1051/certification/hardin-48199.certification.json"
"Harris County","48201","CERTIFIED","","OBSERVED_PASS","data/generated/lp1051/certification/harris-48201.certification.json"
"Harrison County","48203","CERTIFIED","","OBSERVED_PASS","reports/lp130-statewide-addresses/batch-04/certification/harrison-48203.certification.json"
"Hartley County","48205","CERTIFIED","","OBSERVED_PASS","reports/lp130-statewide-addresses/batch-04/certification/hartley-48205.certification.json"
"Haskell County","48207","CERTIFIED","","OBSERVED_PASS","reports/lp130-statewide-addresses/batch-04/certification/haskell-48207.certification.json"
"Hays County","48209","CERTIFIED","","OBSERVED_PASS","reports/lp130-statewide-addresses/batch-04/certification/hays-48209.certification.json"
"Hemphill County","48211","CERTIFIED","","OBSERVED_PASS","reports/lp130-statewide-addresses/batch-04/certification/hemphill-48211.certification.json"
"Henderson County","48213","CERTIFIED","","OBSERVED_PASS","reports/lp130-statewide-addresses/batch-04/certification/henderson-48213.certification.json"
"Hidalgo County","48215","CERTIFIED","","OBSERVED_PASS","reports/lp130-statewide-addresses/batch-04/certification/hidalgo-48215.certification.json"
"Hill County","48217","CERTIFIED","","OBSERVED_PASS","reports/lp130-statewide-addresses/batch-04/certification/hill-48217.certification.json"
"Hockley County","48219","CERTIFIED","","OBSERVED_PASS","reports/lp130-statewide-addresses/batch-04/certification/hockley-48219.certification.json"
"Hood County","48221","CERTIFIED","","OBSERVED_PASS","reports/lp130-statewide-addresses/batch-04/certification/hood-48221.certification.json"
"Hopkins County","48223","CERTIFIED","","OBSERVED_PASS","reports/lp130-statewide-addresses/batch-04/certification/hopkins-48223.certification.json"
"Houston County","48225","CERTIFIED","","OBSERVED_PASS","reports/lp130-statewide-addresses/batch-04/certification/houston-48225.certification.json"
"Howard County","48227","CERTIFIED","","OBSERVED_PASS","reports/lp130-statewide-addresses/batch-05/certification/howard-48227.certification.json"
"Hudspeth County","48229","CERTIFICATION_BLOCKED","PACKAGE_AVAILABILITY","LOCAL_PACKAGE_UNAVAILABLE","evidence/lp134/certification-results.json#/remaining/5"
"Hunt County","48231","CERTIFIED","","OBSERVED_PASS","reports/lp130-statewide-addresses/batch-05/certification/hunt-48231.certification.json"
"Hutchinson County","48233","CERTIFIED","","OBSERVED_PASS","reports/lp130-statewide-addresses/batch-05/certification/hutchinson-48233.certification.json"
"Irion County","48235","CERTIFIED","","OBSERVED_PASS","reports/lp130-statewide-addresses/batch-05/certification/irion-48235.certification.json"
"Jack County","48237","CERTIFIED","","OBSERVED_PASS","reports/lp130-statewide-addresses/batch-05/certification/jack-48237.certification.json"
"Jackson County","48239","CERTIFIED","","OBSERVED_PASS","data/generated/lp1051/certification/jackson-48239.certification.json"
"Jasper County","48241","CERTIFIED","","OBSERVED_PASS","data/generated/lp1051/certification/jasper-48241.certification.json"
"Jeff Davis County","48243","CERTIFIED","","OBSERVED_PASS","reports/lp130-statewide-addresses/batch-05/certification/jeff-davis-48243.certification.json"
"Jefferson County","48245","CERTIFIED","","OBSERVED_PASS","data/generated/lp1051/certification/jefferson-48245.certification.json"
"Jim Hogg County","48247","CERTIFIED","","OBSERVED_PASS","reports/lp130-statewide-addresses/batch-05/certification/jim-hogg-48247.certification.json"
"Jim Wells County","48249","CERTIFIED","","OBSERVED_PASS","reports/lp130-statewide-addresses/batch-05/certification/jim-wells-48249.certification.json"
"Johnson County","48251","CERTIFIED","","OBSERVED_PASS","reports/lp130-statewide-addresses/batch-05/certification/johnson-48251.certification.json"
"Jones County","48253","CERTIFIED","","OBSERVED_PASS","reports/lp130-statewide-addresses/batch-05/certification/jones-48253.certification.json"
"Karnes County","48255","CERTIFIED","","OBSERVED_PASS","reports/lp130-statewide-addresses/batch-05/certification/karnes-48255.certification.json"
"Kaufman County","48257","CERTIFIED","","OBSERVED_PASS","reports/lp130-statewide-addresses/batch-05/certification/kaufman-48257.certification.json"
"Kendall County","48259","CERTIFIED","","OBSERVED_PASS","reports/lp130-statewide-addresses/batch-05/certification/kendall-48259.certification.json"
"Kenedy County","48261","CERTIFIED","","OBSERVED_PASS","reports/lp130-statewide-addresses/batch-05/certification/kenedy-48261.certification.json"
"Kent County","48263","CERTIFIED","","OBSERVED_PASS","reports/lp130-statewide-addresses/batch-05/certification/kent-48263.certification.json"
"Kerr County","48265","CERTIFIED","","OBSERVED_PASS","reports/lp130-statewide-addresses/batch-05/certification/kerr-48265.certification.json"
"Kimble County","48267","CERTIFIED","","OBSERVED_PASS","reports/lp130-statewide-addresses/batch-05/certification/kimble-48267.certification.json"
"King County","48269","CERTIFIED","","OBSERVED_PASS","reports/lp130-statewide-addresses/batch-05/certification/king-48269.certification.json"
"Kinney County","48271","CERTIFIED","","OBSERVED_PASS","reports/lp130-statewide-addresses/batch-05/certification/kinney-48271.certification.json"
"Kleberg County","48273","CERTIFIED","","OBSERVED_PASS","reports/lp130-statewide-addresses/batch-05/certification/kleberg-48273.certification.json"
"Knox County","48275","CERTIFIED","","OBSERVED_PASS","reports/lp130-statewide-addresses/batch-05/certification/knox-48275.certification.json"
"Lamar County","48277","CERTIFIED","","OBSERVED_PASS","reports/lp130-statewide-addresses/batch-05/certification/lamar-48277.certification.json"
"Lamb County","48279","CERTIFIED","","OBSERVED_PASS","reports/lp130-statewide-addresses/batch-05/certification/lamb-48279.certification.json"
"Lampasas County","48281","CERTIFIED","","OBSERVED_PASS","reports/lp130-statewide-addresses/batch-05/certification/lampasas-48281.certification.json"
"La Salle County","48283","CERTIFIED","","OBSERVED_PASS","reports/lp130-statewide-addresses/batch-06/certification/la-salle-48283.certification.json"
"Lavaca County","48285","CERTIFIED","","OBSERVED_PASS","data/generated/lp1051/certification/lavaca-48285.certification.json"
"Lee County","48287","CERTIFIED","","OBSERVED_PASS","reports/lp128-wave-2/certification/lee-48287.certification.json"
"Leon County","48289","CERTIFIED","","OBSERVED_PASS","reports/lp130-statewide-addresses/batch-06/certification/leon-48289.certification.json"
"Liberty County","48291","CERTIFIED","","OBSERVED_PASS","data/generated/lp1051/certification/liberty-48291.certification.json"
"Limestone County","48293","CERTIFIED","","OBSERVED_PASS","reports/lp130-statewide-addresses/batch-06/certification/limestone-48293.certification.json"
"Lipscomb County","48295","CERTIFIED","","OBSERVED_PASS","reports/lp130-statewide-addresses/batch-06/certification/lipscomb-48295.certification.json"
"Live Oak County","48297","CERTIFIED","","OBSERVED_PASS","reports/lp130-statewide-addresses/batch-06/certification/live-oak-48297.certification.json"
"Llano County","48299","CERTIFIED","","OBSERVED_PASS","reports/lp130-statewide-addresses/batch-06/certification/llano-48299.certification.json"
"Loving County","48301","CERTIFIED","","OBSERVED_PASS","reports/lp130-statewide-addresses/batch-06/certification/loving-48301.certification.json"
"Lubbock County","48303","CERTIFIED","","OBSERVED_PASS","reports/lp130-statewide-addresses/batch-06/certification/lubbock-48303.certification.json"
"Lynn County","48305","CERTIFIED","","OBSERVED_PASS","reports/lp130-statewide-addresses/batch-06/certification/lynn-48305.certification.json"
"McCulloch County","48307","CERTIFIED","","OBSERVED_PASS","reports/lp130-statewide-addresses/batch-06/certification/mcculloch-48307.certification.json"
"McLennan County","48309","CERTIFIED","","OBSERVED_PASS","reports/lp130-statewide-addresses/batch-06/certification/mclennan-48309.certification.json"
"McMullen County","48311","CERTIFIED","","OBSERVED_PASS","reports/lp130-statewide-addresses/batch-06/certification/mcmullen-48311.certification.json"
"Madison County","48313","CERTIFIED","","OBSERVED_PASS","reports/lp130-statewide-addresses/batch-06/certification/madison-48313.certification.json"
"Marion County","48315","CERTIFIED","","OBSERVED_PASS","reports/lp130-statewide-addresses/batch-06/certification/marion-48315.certification.json"
"Martin County","48317","CERTIFIED","","OBSERVED_PASS","reports/lp130-statewide-addresses/batch-06/certification/martin-48317.certification.json"
"Mason County","48319","CERTIFIED","","OBSERVED_PASS","reports/lp130-statewide-addresses/batch-06/certification/mason-48319.certification.json"
"Matagorda County","48321","CERTIFIED","","OBSERVED_PASS","data/generated/lp1051/certification/matagorda-48321.certification.json"
"Maverick County","48323","CERTIFIED","","OBSERVED_PASS","reports/lp130-statewide-addresses/batch-06/certification/maverick-48323.certification.json"
"Medina County","48325","CERTIFIED","","OBSERVED_PASS","reports/lp130-statewide-addresses/batch-06/certification/medina-48325.certification.json"
"Menard County","48327","CERTIFIED","","OBSERVED_PASS","reports/lp130-statewide-addresses/batch-06/certification/menard-48327.certification.json"
"Midland County","48329","CERTIFICATION_BLOCKED","PACKAGE_AVAILABILITY","LOCAL_PACKAGE_UNAVAILABLE","evidence/lp134/certification-results.json#/remaining/6"
"Milam County","48331","CERTIFIED","","OBSERVED_PASS","reports/lp128-wave-2/certification/milam-48331.certification.json"
"Mills County","48333","CERTIFIED","","OBSERVED_PASS","reports/lp130-statewide-addresses/batch-06/certification/mills-48333.certification.json"
"Mitchell County","48335","CERTIFIED","","OBSERVED_PASS","reports/lp130-statewide-addresses/batch-06/certification/mitchell-48335.certification.json"
"Montague County","48337","CERTIFIED","","OBSERVED_PASS","reports/lp130-statewide-addresses/batch-06/certification/montague-48337.certification.json"
"Montgomery County","48339","CERTIFIED","","OBSERVED_PASS","data/generated/lp1051/certification/montgomery-48339.certification.json"
"Moore County","48341","CERTIFIED","","OBSERVED_PASS","reports/lp130-statewide-addresses/batch-06/certification/moore-48341.certification.json"
"Morris County","48343","CERTIFIED","","OBSERVED_PASS","reports/lp130-statewide-addresses/batch-06/certification/morris-48343.certification.json"
"Motley County","48345","CERTIFIED","","OBSERVED_PASS","reports/lp130-statewide-addresses/batch-07/certification/motley-48345.certification.json"
"Nacogdoches County","48347","CERTIFIED","","OBSERVED_PASS","reports/lp130-statewide-addresses/batch-07/certification/nacogdoches-48347.certification.json"
"Navarro County","48349","CERTIFIED","","OBSERVED_PASS","reports/lp130-statewide-addresses/batch-07/certification/navarro-48349.certification.json"
"Newton County","48351","CERTIFIED","","OBSERVED_PASS","data/generated/lp1051/certification/newton-48351.certification.json"
"Nolan County","48353","CERTIFIED","","OBSERVED_PASS","reports/lp130-statewide-addresses/batch-07/certification/nolan-48353.certification.json"
"Nueces County","48355","CERTIFIED","","OBSERVED_PASS","reports/lp130-statewide-addresses/batch-07/certification/nueces-48355.certification.json"
"Ochiltree County","48357","CERTIFIED","","OBSERVED_PASS","reports/lp130-statewide-addresses/batch-07/certification/ochiltree-48357.certification.json"
"Oldham County","48359","CERTIFIED","","OBSERVED_PASS","reports/lp130-statewide-addresses/batch-07/certification/oldham-48359.certification.json"
"Orange County","48361","CERTIFIED","","OBSERVED_PASS","data/generated/lp1051/certification/orange-48361.certification.json"
"Palo Pinto County","48363","CERTIFIED","","OBSERVED_PASS","reports/lp130-statewide-addresses/batch-07/certification/palo-pinto-48363.certification.json"
"Panola County","48365","CERTIFIED","","OBSERVED_PASS","reports/lp130-statewide-addresses/batch-07/certification/panola-48365.certification.json"
"Parker County","48367","CERTIFIED","","OBSERVED_PASS","reports/lp130-statewide-addresses/batch-07/certification/parker-48367.certification.json"
"Parmer County","48369","CERTIFIED","","OBSERVED_PASS","reports/lp130-statewide-addresses/batch-07/certification/parmer-48369.certification.json"
"Pecos County","48371","CERTIFIED","","OBSERVED_PASS","reports/lp130-statewide-addresses/batch-07/certification/pecos-48371.certification.json"
"Polk County","48373","CERTIFIED","","OBSERVED_PASS","data/generated/lp1051/certification/polk-48373.certification.json"
"Potter County","48375","CERTIFIED","","OBSERVED_PASS","reports/lp130-statewide-addresses/batch-07/certification/potter-48375.certification.json"
"Presidio County","48377","CERTIFICATION_BLOCKED","PACKAGE_AVAILABILITY","LOCAL_PACKAGE_UNAVAILABLE","evidence/lp134/certification-results.json#/remaining/7"
"Rains County","48379","CERTIFIED","","OBSERVED_PASS","reports/lp130-statewide-addresses/batch-07/certification/rains-48379.certification.json"
"Randall County","48381","CERTIFIED","","OBSERVED_PASS","reports/lp130-statewide-addresses/batch-07/certification/randall-48381.certification.json"
"Reagan County","48383","CERTIFIED","","OBSERVED_PASS","reports/lp130-statewide-addresses/batch-07/certification/reagan-48383.certification.json"
"Real County","48385","CERTIFIED","","OBSERVED_PASS","reports/lp130-statewide-addresses/batch-07/certification/real-48385.certification.json"
"Red River County","48387","CERTIFIED","","OBSERVED_PASS","reports/lp130-statewide-addresses/batch-07/certification/red-river-48387.certification.json"
"Reeves County","48389","CERTIFIED","","OBSERVED_PASS","reports/lp130-statewide-addresses/batch-07/certification/reeves-48389.certification.json"
"Refugio County","48391","CERTIFIED","","OBSERVED_PASS","reports/lp130-statewide-addresses/batch-07/certification/refugio-48391.certification.json"
"Roberts County","48393","CERTIFIED","","OBSERVED_PASS","reports/lp130-statewide-addresses/batch-07/certification/roberts-48393.certification.json"
"Robertson County","48395","CERTIFIED","","OBSERVED_PASS","reports/lp128-wave-2/certification/robertson-48395.certification.json"
"Rockwall County","48397","CERTIFIED","","OBSERVED_PASS","reports/lp130-statewide-addresses/batch-07/certification/rockwall-48397.certification.json"
"Runnels County","48399","CERTIFIED","","OBSERVED_PASS","reports/lp130-statewide-addresses/batch-07/certification/runnels-48399.certification.json"
"Rusk County","48401","CERTIFICATION_BLOCKED","PACKAGE_AVAILABILITY","LOCAL_PACKAGE_UNAVAILABLE","evidence/lp134/certification-results.json#/remaining/8"
"Sabine County","48403","CERTIFIED","","OBSERVED_PASS","reports/lp130-statewide-addresses/batch-08/certification/sabine-48403.certification.json"
"San Augustine County","48405","CERTIFIED","","OBSERVED_PASS","reports/lp130-statewide-addresses/batch-08/certification/san-augustine-48405.certification.json"
"San Jacinto County","48407","CERTIFIED","","OBSERVED_PASS","data/generated/lp1051/certification/san-jacinto-48407.certification.json"
"San Patricio County","48409","CERTIFIED","","OBSERVED_PASS","reports/lp130-statewide-addresses/batch-08/certification/san-patricio-48409.certification.json"
"San Saba County","48411","CERTIFIED","","OBSERVED_PASS","reports/lp130-statewide-addresses/batch-08/certification/san-saba-48411.certification.json"
"Schleicher County","48413","CERTIFIED","","OBSERVED_PASS","reports/lp130-statewide-addresses/batch-08/certification/schleicher-48413.certification.json"
"Scurry County","48415","CERTIFIED","","OBSERVED_PASS","reports/lp130-statewide-addresses/batch-08/certification/scurry-48415.certification.json"
"Shackelford County","48417","CERTIFIED","","OBSERVED_PASS","reports/lp130-statewide-addresses/batch-08/certification/shackelford-48417.certification.json"
"Shelby County","48419","CERTIFIED","","OBSERVED_PASS","reports/lp130-statewide-addresses/batch-08/certification/shelby-48419.certification.json"
"Sherman County","48421","CERTIFIED","","OBSERVED_PASS","reports/lp130-statewide-addresses/batch-08/certification/sherman-48421.certification.json"
"Smith County","48423","CERTIFIED","","OBSERVED_PASS","reports/lp130-statewide-addresses/batch-08/certification/smith-48423.certification.json"
"Somervell County","48425","CERTIFICATION_BLOCKED","PACKAGE_AVAILABILITY","LOCAL_PACKAGE_UNAVAILABLE","evidence/lp134/certification-results.json#/remaining/9"
"Starr County","48427","CERTIFIED","","OBSERVED_PASS","reports/lp130-statewide-addresses/batch-08/certification/starr-48427.certification.json"
"Stephens County","48429","CERTIFIED","","OBSERVED_PASS","reports/lp130-statewide-addresses/batch-08/certification/stephens-48429.certification.json"
"Sterling County","48431","CERTIFIED","","OBSERVED_PASS","reports/lp130-statewide-addresses/batch-08/certification/sterling-48431.certification.json"
"Stonewall County","48433","CERTIFIED","","OBSERVED_PASS","reports/lp130-statewide-addresses/batch-08/certification/stonewall-48433.certification.json"
"Sutton County","48435","CERTIFIED","","OBSERVED_PASS","reports/lp130-statewide-addresses/batch-08/certification/sutton-48435.certification.json"
"Swisher County","48437","CERTIFIED","","OBSERVED_PASS","reports/lp130-statewide-addresses/batch-08/certification/swisher-48437.certification.json"
"Tarrant County","48439","CERTIFIED","","OBSERVED_PASS","reports/lp130-statewide-addresses/batch-08/certification/tarrant-48439.certification.json"
"Taylor County","48441","CERTIFICATION_BLOCKED","PACKAGE_AVAILABILITY","LOCAL_PACKAGE_UNAVAILABLE","evidence/lp134/certification-results.json#/remaining/10"
"Terrell County","48443","CERTIFIED","","OBSERVED_PASS","reports/lp130-statewide-addresses/batch-08/certification/terrell-48443.certification.json"
"Terry County","48445","CERTIFIED","","OBSERVED_PASS","reports/lp130-statewide-addresses/batch-08/certification/terry-48445.certification.json"
"Throckmorton County","48447","CERTIFIED","","OBSERVED_PASS","reports/lp130-statewide-addresses/batch-08/certification/throckmorton-48447.certification.json"
"Titus County","48449","CERTIFIED","","OBSERVED_PASS","reports/lp130-statewide-addresses/batch-08/certification/titus-48449.certification.json"
"Tom Green County","48451","CERTIFIED","","OBSERVED_PASS","reports/lp130-statewide-addresses/batch-08/certification/tom-green-48451.certification.json"
"Travis County","48453","CERTIFIED","","OBSERVED_PASS","reports/lp130-statewide-addresses/batch-08/certification/travis-48453.certification.json"
"Trinity County","48455","CERTIFIED","","OBSERVED_PASS","reports/lp129-wave-3/certification/trinity-48455.certification.json"
"Tyler County","48457","CERTIFIED","","OBSERVED_PASS","data/generated/lp1051/certification/tyler-48457.certification.json"
"Upshur County","48459","CERTIFIED","","OBSERVED_PASS","reports/lp130-statewide-addresses/batch-09/certification/upshur-48459.certification.json"
"Upton County","48461","CERTIFIED","","OBSERVED_PASS","reports/lp130-statewide-addresses/batch-09/certification/upton-48461.certification.json"
"Uvalde County","48463","CERTIFIED","","OBSERVED_PASS","reports/lp130-statewide-addresses/batch-09/certification/uvalde-48463.certification.json"
"Val Verde County","48465","CERTIFIED","","OBSERVED_PASS","reports/lp130-statewide-addresses/batch-09/certification/val-verde-48465.certification.json"
"Van Zandt County","48467","CERTIFIED","","OBSERVED_PASS","reports/lp130-statewide-addresses/batch-09/certification/van-zandt-48467.certification.json"
"Victoria County","48469","CERTIFIED","","OBSERVED_PASS","reports/lp129-wave-3/certification/victoria-48469.certification.json"
"Walker County","48471","CERTIFIED","","OBSERVED_PASS","data/generated/lp1051/certification/walker-48471.certification.json"
"Waller County","48473","CERTIFIED","","OBSERVED_PASS","data/generated/lp1051/certification/waller-48473.certification.json"
"Ward County","48475","CERTIFIED","","OBSERVED_PASS","reports/lp130-statewide-addresses/batch-09/certification/ward-48475.certification.json"
"Washington County","48477","CERTIFIED","","OBSERVED_PASS","data/generated/lp1051/certification/washington-48477.certification.json"
"Webb County","48479","CERTIFIED","","OBSERVED_PASS","reports/lp130-statewide-addresses/batch-09/certification/webb-48479.certification.json"
"Wharton County","48481","CERTIFIED","","OBSERVED_PASS","data/generated/lp1051/certification/wharton-48481.certification.json"
"Wheeler County","48483","CERTIFIED","","OBSERVED_PASS","reports/lp130-statewide-addresses/batch-09/certification/wheeler-48483.certification.json"
"Wichita County","48485","CERTIFIED","","OBSERVED_PASS","reports/lp130-statewide-addresses/batch-09/certification/wichita-48485.certification.json"
"Wilbarger County","48487","CERTIFIED","","OBSERVED_PASS","reports/lp130-statewide-addresses/batch-09/certification/wilbarger-48487.certification.json"
"Willacy County","48489","CERTIFIED","","OBSERVED_PASS","reports/lp130-statewide-addresses/batch-09/certification/willacy-48489.certification.json"
"Williamson County","48491","CERTIFIED","","OBSERVED_PASS","reports/lp130-statewide-addresses/batch-09/certification/williamson-48491.certification.json"
"Wilson County","48493","CERTIFIED","","OBSERVED_PASS","reports/lp130-statewide-addresses/batch-09/certification/wilson-48493.certification.json"
"Winkler County","48495","CERTIFIED","","OBSERVED_PASS","reports/lp130-statewide-addresses/batch-09/certification/winkler-48495.certification.json"
"Wise County","48497","CERTIFIED","","OBSERVED_PASS","reports/lp130-statewide-addresses/batch-09/certification/wise-48497.certification.json"
"Wood County","48499","CERTIFIED","","OBSERVED_PASS","reports/lp130-statewide-addresses/batch-09/certification/wood-48499.certification.json"
"Yoakum County","48501","CERTIFIED","","OBSERVED_PASS","reports/lp130-statewide-addresses/batch-09/certification/yoakum-48501.certification.json"
"Young County","48503","CERTIFIED","","OBSERVED_PASS","reports/lp130-statewide-addresses/batch-09/certification/young-48503.certification.json"
"Zapata County","48505","CERTIFIED","","OBSERVED_PASS","reports/lp130-statewide-addresses/batch-09/certification/zapata-48505.certification.json"
"Zavala County","48507","CERTIFIED","","OBSERVED_PASS","reports/lp130-statewide-addresses/batch-09/certification/zavala-48507.certification.json"
