"County","FIPS","Address","Communities","Destinations","Crossings","Search","Runtime","Activation Blocker","Tier","Status","Missing Evidence"
"Anderson County","48001","CANDIDATE_ONLY","0","0","0","A:N C:N D:N","MISSING_REQUIRED_EVIDENCE","Missing Community Coverage","TIER_4","CANDIDATE_ONLY","communities; destinations; production crossing package; address runtime eligibility"
"Andrews County","48003","CANDIDATE_ONLY","0","0","0","A:N C:N D:N","MISSING_REQUIRED_EVIDENCE","Missing Community Coverage","TIER_4","CANDIDATE_ONLY","communities; destinations; production crossing package; address runtime eligibility"
"Angelina County","48005","CANDIDATE_ONLY","0","0","0","A:N C:N D:N","MISSING_REQUIRED_EVIDENCE","Missing Community Coverage","TIER_4","CANDIDATE_ONLY","communities; destinations; production crossing package; address runtime eligibility"
"Aransas County","48007","CANDIDATE_ONLY","0","0","0","A:N C:N D:N","MISSING_REQUIRED_EVIDENCE","Missing Community Coverage","TIER_4","CANDIDATE_ONLY","communities; destinations; production crossing package; address runtime eligibility"
"Archer County","48009","CANDIDATE_ONLY","0","0","0","A:N C:N D:N","MISSING_REQUIRED_EVIDENCE","Missing Community Coverage","TIER_4","CANDIDATE_ONLY","communities; destinations; production crossing package; address runtime eligibility"
"Armstrong County","48011","CANDIDATE_ONLY","0","0","0","A:N C:N D:N","MISSING_REQUIRED_EVIDENCE","Missing Community Coverage","TIER_4","CANDIDATE_ONLY","communities; destinations; production crossing package; address runtime eligibility"
"Atascosa County","48013","CANDIDATE_ONLY","0","0","0","A:N C:N D:N","MISSING_REQUIRED_EVIDENCE","Missing Community Coverage","TIER_4","CANDIDATE_ONLY","communities; destinations; production crossing package; address runtime eligibility"
"Austin County","48015","CANDIDATE_ONLY","0","5","101","A:N C:N D:Y","MISSING_REQUIRED_EVIDENCE","Missing Community Coverage","TIER_3","CANDIDATE_ONLY","communities; address runtime eligibility"
"Bailey County","48017","CANDIDATE_ONLY","0","0","0","A:N C:N D:N","MISSING_REQUIRED_EVIDENCE","Missing Community Coverage","TIER_4","CANDIDATE_ONLY","communities; destinations; production crossing package; address runtime eligibility"
"Bandera County","48019","CERTIFICATION_BLOCKED","0","0","0","A:N C:N D:N","CERTIFICATION_BLOCKED","Certification Blocked","TIER_4","CERTIFICATION_BLOCKED","communities; destinations; production crossing package; certification; address runtime eligibility"
"Bastrop County","48021","CANDIDATE_ONLY","0","0","0","A:N C:N D:N","MISSING_REQUIRED_EVIDENCE","Missing Community Coverage","TIER_4","CANDIDATE_ONLY","communities; destinations; production crossing package; address runtime eligibility"
"Baylor County","48023","CANDIDATE_ONLY","0","0","0","A:N C:N D:N","MISSING_REQUIRED_EVIDENCE","Missing Community Coverage","TIER_4","CANDIDATE_ONLY","communities; destinations; production crossing package; address runtime eligibility"
"Bee County","48025","CANDIDATE_ONLY","0","0","0","A:N C:N D:N","MISSING_REQUIRED_EVIDENCE","Missing Community Coverage","TIER_4","CANDIDATE_ONLY","communities; destinations; production crossing package; address runtime eligibility"
"Bell County","48027","CERTIFICATION_BLOCKED","0","0","0","A:N C:N D:N","CERTIFICATION_BLOCKED","Certification Blocked","TIER_4","CERTIFICATION_BLOCKED","communities; destinations; production crossing package; certification; address runtime eligibility"
"Bexar County","48029","CANDIDATE_ONLY","0","0","0","A:N C:N D:N","MISSING_REQUIRED_EVIDENCE","Missing Community Coverage","TIER_4","CANDIDATE_ONLY","communities; destinations; production crossing package; address runtime eligibility"
"Blanco County","48031","CANDIDATE_ONLY","0","0","0","A:N C:N D:N","MISSING_REQUIRED_EVIDENCE","Missing Community Coverage","TIER_4","CANDIDATE_ONLY","communities; destinations; production crossing package; address runtime eligibility"
"Borden County","48033","CANDIDATE_ONLY","0","0","0","A:N C:N D:N","MISSING_REQUIRED_EVIDENCE","Missing Community Coverage","TIER_4","CANDIDATE_ONLY","communities; destinations; production crossing package; address runtime eligibility"
"Bosque County","48035","CANDIDATE_ONLY","0","0","0","A:N C:N D:N","MISSING_REQUIRED_EVIDENCE","Missing Community Coverage","TIER_4","CANDIDATE_ONLY","communities; destinations; production crossing package; address runtime eligibility"
"Bowie County","48037","CANDIDATE_ONLY","0","0","0","A:N C:N D:N","MISSING_REQUIRED_EVIDENCE","Missing Community Coverage","TIER_4","CANDIDATE_ONLY","communities; destinations; production crossing package; address runtime eligibility"
"Brazoria County","48039","CANDIDATE_ONLY","0","5","157","A:N C:N D:Y","MISSING_REQUIRED_EVIDENCE","Missing Community Coverage","TIER_3","CANDIDATE_ONLY","communities; address runtime eligibility"
"Brazos County","48041","CANDIDATE_ONLY","0","5","86","A:N C:N D:Y","MISSING_REQUIRED_EVIDENCE","Missing Community Coverage","TIER_3","CANDIDATE_ONLY","communities; address runtime eligibility"
"Brewster County","48043","CERTIFICATION_BLOCKED","0","0","0","A:N C:N D:N","CERTIFICATION_BLOCKED","Certification Blocked","TIER_4","CERTIFICATION_BLOCKED","communities; destinations; production crossing package; certification; address runtime eligibility"
"Briscoe County","48045","CANDIDATE_ONLY","0","0","0","A:N C:N D:N","MISSING_REQUIRED_EVIDENCE","Missing Community Coverage","TIER_4","CANDIDATE_ONLY","communities; destinations; production crossing package; address runtime eligibility"
"Brooks County","48047","CANDIDATE_ONLY","0","0","0","A:N C:N D:N","MISSING_REQUIRED_EVIDENCE","Missing Community Coverage","TIER_4","CANDIDATE_ONLY","communities; destinations; production crossing package; address runtime eligibility"
"Brown County","48049","CANDIDATE_ONLY","0","0","0","A:N C:N D:N","MISSING_REQUIRED_EVIDENCE","Missing Community Coverage","TIER_4","CANDIDATE_ONLY","communities; destinations; production crossing package; address runtime eligibility"
"Burleson County","48051","CANDIDATE_ONLY","0","0","0","A:N C:N D:N","MISSING_REQUIRED_EVIDENCE","Missing Community Coverage","TIER_4","CANDIDATE_ONLY","communities; destinations; production crossing package; address runtime eligibility"
"Burnet County","48053","CANDIDATE_ONLY","0","0","0","A:N C:N D:N","MISSING_REQUIRED_EVIDENCE","Missing Community Coverage","TIER_4","CANDIDATE_ONLY","communities; destinations; production crossing package; address runtime eligibility"
"Caldwell County","48055","CANDIDATE_ONLY","0","0","0","A:N C:N D:N","MISSING_REQUIRED_EVIDENCE","Missing Community Coverage","TIER_4","CANDIDATE_ONLY","communities; destinations; production crossing package; address runtime eligibility"
"Calhoun County","48057","CANDIDATE_ONLY","0","5","74","A:N C:N D:Y","MISSING_REQUIRED_EVIDENCE","Missing Community Coverage","TIER_3","CANDIDATE_ONLY","communities; address runtime eligibility"
"Callahan County","48059","CANDIDATE_ONLY","0","0","0","A:N C:N D:N","MISSING_REQUIRED_EVIDENCE","Missing Community Coverage","TIER_4","CANDIDATE_ONLY","communities; destinations; production crossing package; address runtime eligibility"
"Cameron County","48061","CERTIFICATION_BLOCKED","0","0","0","A:N C:N D:N","CERTIFICATION_BLOCKED","Certification Blocked","TIER_4","CERTIFICATION_BLOCKED","communities; destinations; production crossing package; certification; address runtime eligibility"
"Camp County","48063","CANDIDATE_ONLY","0","0","0","A:N C:N D:N","MISSING_REQUIRED_EVIDENCE","Missing Community Coverage","TIER_4","CANDIDATE_ONLY","communities; destinations; production crossing package; address runtime eligibility"
"Carson County","48065","CANDIDATE_ONLY","0","0","0","A:N C:N D:N","MISSING_REQUIRED_EVIDENCE","Missing Community Coverage","TIER_4","CANDIDATE_ONLY","communities; destinations; production crossing package; address runtime eligibility"
"Cass County","48067","CANDIDATE_ONLY","0","0","0","A:N C:N D:N","MISSING_REQUIRED_EVIDENCE","Missing Community Coverage","TIER_4","CANDIDATE_ONLY","communities; destinations; production crossing package; address runtime eligibility"
"Castro County","48069","CANDIDATE_ONLY","0","0","0","A:N C:N D:N","MISSING_REQUIRED_EVIDENCE","Missing Community Coverage","TIER_4","CANDIDATE_ONLY","communities; destinations; production crossing package; address runtime eligibility"
"Chambers County","48071","CANDIDATE_ONLY","0","5","15","A:N C:N D:Y","MISSING_REQUIRED_EVIDENCE","Missing Community Coverage","TIER_3","CANDIDATE_ONLY","communities; address runtime eligibility"
"Cherokee County","48073","CERTIFICATION_BLOCKED","0","0","0","A:N C:N D:N","CERTIFICATION_BLOCKED","Certification Blocked","TIER_4","CERTIFICATION_BLOCKED","communities; destinations; production crossing package; certification; address runtime eligibility"
"Childress County","48075","CANDIDATE_ONLY","0","0","0","A:N C:N D:N","MISSING_REQUIRED_EVIDENCE","Missing Community Coverage","TIER_4","CANDIDATE_ONLY","communities; destinations; production crossing package; address runtime eligibility"
"Clay County","48077","CANDIDATE_ONLY","0","0","0","A:N C:N D:N","MISSING_REQUIRED_EVIDENCE","Missing Community Coverage","TIER_4","CANDIDATE_ONLY","communities; destinations; production crossing package; address runtime eligibility"
"Cochran County","48079","CANDIDATE_ONLY","0","0","0","A:N C:N D:N","MISSING_REQUIRED_EVIDENCE","Missing Community Coverage","TIER_4","CANDIDATE_ONLY","communities; destinations; production crossing package; address runtime eligibility"
"Coke County","48081","CANDIDATE_ONLY","0","0","0","A:N C:N D:N","MISSING_REQUIRED_EVIDENCE","Missing Community Coverage","TIER_4","CANDIDATE_ONLY","communities; destinations; production crossing package; address runtime eligibility"
"Coleman County","48083","CANDIDATE_ONLY","0","0","0","A:N C:N D:N","MISSING_REQUIRED_EVIDENCE","Missing Community Coverage","TIER_4","CANDIDATE_ONLY","communities; destinations; production crossing package; address runtime eligibility"
"Collin County","48085","CANDIDATE_ONLY","0","0","0","A:N C:N D:N","MISSING_REQUIRED_EVIDENCE","Missing Community Coverage","TIER_4","CANDIDATE_ONLY","communities; destinations; production crossing package; address runtime eligibility"
"Collingsworth County","48087","CANDIDATE_ONLY","0","0","0","A:N C:N D:N","MISSING_REQUIRED_EVIDENCE","Missing Community Coverage","TIER_4","CANDIDATE_ONLY","communities; destinations; production crossing package; address runtime eligibility"
"Colorado County","48089","CANDIDATE_ONLY","0","5","109","A:N C:N D:Y","MISSING_REQUIRED_EVIDENCE","Missing Community Coverage","TIER_3","CANDIDATE_ONLY","communities; address runtime eligibility"
"Comal County","48091","CANDIDATE_ONLY","0","0","0","A:N C:N D:N","MISSING_REQUIRED_EVIDENCE","Missing Community Coverage","TIER_4","CANDIDATE_ONLY","communities; destinations; production crossing package; address runtime eligibility"
"Comanche County","48093","CANDIDATE_ONLY","0","0","0","A:N C:N D:N","MISSING_REQUIRED_EVIDENCE","Missing Community Coverage","TIER_4","CANDIDATE_ONLY","communities; destinations; production crossing package; address runtime eligibility"
"Concho County","48095","CANDIDATE_ONLY","0","0","0","A:N C:N D:N","MISSING_REQUIRED_EVIDENCE","Missing Community Coverage","TIER_4","CANDIDATE_ONLY","communities; destinations; production crossing package; address runtime eligibility"
"Cooke County","48097","CANDIDATE_ONLY","0","0","0","A:N C:N D:N","MISSING_REQUIRED_EVIDENCE","Missing Community Coverage","TIER_4","CANDIDATE_ONLY","communities; destinations; production crossing package; address runtime eligibility"
"Coryell County","48099","CANDIDATE_ONLY","0","0","0","A:N C:N D:N","MISSING_REQUIRED_EVIDENCE","Missing Community Coverage","TIER_4","CANDIDATE_ONLY","communities; destinations; production crossing package; address runtime eligibility"
"Cottle County","48101","CANDIDATE_ONLY","0","0","0","A:N C:N D:N","MISSING_REQUIRED_EVIDENCE","Missing Community Coverage","TIER_4","CANDIDATE_ONLY","communities; destinations; production crossing package; address runtime eligibility"
"Crane County","48103","CANDIDATE_ONLY","0","0","0","A:N C:N D:N","MISSING_REQUIRED_EVIDENCE","Missing Community Coverage","TIER_4","CANDIDATE_ONLY","communities; destinations; production crossing package; address runtime eligibility"
"Crockett County","48105","CANDIDATE_ONLY","0","0","0","A:N C:N D:N","MISSING_REQUIRED_EVIDENCE","Missing Community Coverage","TIER_4","CANDIDATE_ONLY","communities; destinations; production crossing package; address runtime eligibility"
"Crosby County","48107","CANDIDATE_ONLY","0","0","0","A:N C:N D:N","MISSING_REQUIRED_EVIDENCE","Missing Community Coverage","TIER_4","CANDIDATE_ONLY","communities; destinations; production crossing package; address runtime eligibility"
"Culberson County","48109","CANDIDATE_ONLY","0","0","0","A:N C:N D:N","MISSING_REQUIRED_EVIDENCE","Missing Community Coverage","TIER_4","CANDIDATE_ONLY","communities; destinations; production crossing package; address runtime eligibility"
"Dallam County","48111","CANDIDATE_ONLY","0","0","0","A:N C:N D:N","MISSING_REQUIRED_EVIDENCE","Missing Community Coverage","TIER_4","CANDIDATE_ONLY","communities; destinations; production crossing package; address runtime eligibility"
"Dallas County","48113","CERTIFICATION_BLOCKED","0","0","0","A:N C:N D:N","CERTIFICATION_BLOCKED","Certification Blocked","TIER_4","CERTIFICATION_BLOCKED","communities; destinations; production crossing package; certification; address runtime eligibility"
"Dawson County","48115","CANDIDATE_ONLY","0","0","0","A:N C:N D:N","MISSING_REQUIRED_EVIDENCE","Missing Community Coverage","TIER_4","CANDIDATE_ONLY","communities; destinations; production crossing package; address runtime eligibility"
"Deaf Smith County","48117","CANDIDATE_ONLY","0","0","0","A:N C:N D:N","MISSING_REQUIRED_EVIDENCE","Missing Community Coverage","TIER_4","CANDIDATE_ONLY","communities; destinations; production crossing package; address runtime eligibility"
"Delta County","48119","CANDIDATE_ONLY","0","0","0","A:N C:N D:N","MISSING_REQUIRED_EVIDENCE","Missing Community Coverage","TIER_4","CANDIDATE_ONLY","communities; destinations; production crossing package; address runtime eligibility"
"Denton County","48121","CERTIFICATION_BLOCKED","0","0","0","A:N C:N D:N","CERTIFICATION_BLOCKED","Certification Blocked","TIER_4","CERTIFICATION_BLOCKED","communities; destinations; production crossing package; certification; address runtime eligibility"
"DeWitt County","48123","CANDIDATE_ONLY","0","0","0","A:N C:N D:N","MISSING_REQUIRED_EVIDENCE","Missing Community Coverage","TIER_4","CANDIDATE_ONLY","communities; destinations; production crossing package; address runtime eligibility"
"Dickens County","48125","CANDIDATE_ONLY","0","0","0","A:N C:N D:N","MISSING_REQUIRED_EVIDENCE","Missing Community Coverage","TIER_4","CANDIDATE_ONLY","communities; destinations; production crossing package; address runtime eligibility"
"Dimmit County","48127","CANDIDATE_ONLY","0","0","0","A:N C:N D:N","MISSING_REQUIRED_EVIDENCE","Missing Community Coverage","TIER_4","CANDIDATE_ONLY","communities; destinations; production crossing package; address runtime eligibility"
"Donley County","48129","CANDIDATE_ONLY","0","0","0","A:N C:N D:N","MISSING_REQUIRED_EVIDENCE","Missing Community Coverage","TIER_4","CANDIDATE_ONLY","communities; destinations; production crossing package; address runtime eligibility"
"Duval County","48131","CANDIDATE_ONLY","0","0","0","A:N C:N D:N","MISSING_REQUIRED_EVIDENCE","Missing Community Coverage","TIER_4","CANDIDATE_ONLY","communities; destinations; production crossing package; address runtime eligibility"
"Eastland County","48133","CANDIDATE_ONLY","0","0","0","A:N C:N D:N","MISSING_REQUIRED_EVIDENCE","Missing Community Coverage","TIER_4","CANDIDATE_ONLY","communities; destinations; production crossing package; address runtime eligibility"
"Ector County","48135","CERTIFICATION_BLOCKED","0","0","0","A:N C:N D:N","CERTIFICATION_BLOCKED","Certification Blocked","TIER_4","CERTIFICATION_BLOCKED","communities; destinations; production crossing package; certification; address runtime eligibility"
"Edwards County","48137","CANDIDATE_ONLY","0","0","0","A:N C:N D:N","MISSING_REQUIRED_EVIDENCE","Missing Community Coverage","TIER_4","CANDIDATE_ONLY","communities; destinations; production crossing package; address runtime eligibility"
"Ellis County","48139","CANDIDATE_ONLY","0","0","0","A:N C:N D:N","MISSING_REQUIRED_EVIDENCE","Missing Community Coverage","TIER_4","CANDIDATE_ONLY","communities; destinations; production crossing package; address runtime eligibility"
"El Paso County","48141","CANDIDATE_ONLY","0","0","0","A:N C:N D:N","MISSING_REQUIRED_EVIDENCE","Missing Community Coverage","TIER_4","CANDIDATE_ONLY","communities; destinations; production crossing package; address runtime eligibility"
"Erath County","48143","CANDIDATE_ONLY","0","0","0","A:N C:N D:N","MISSING_REQUIRED_EVIDENCE","Missing Community Coverage","TIER_4","CANDIDATE_ONLY","communities; destinations; production crossing package; address runtime eligibility"
"Falls County","48145","CANDIDATE_ONLY","0","0","0","A:N C:N D:N","MISSING_REQUIRED_EVIDENCE","Missing Community Coverage","TIER_4","CANDIDATE_ONLY","communities; destinations; production crossing package; address runtime eligibility"
"Fannin County","48147","CANDIDATE_ONLY","0","0","0","A:N C:N D:N","MISSING_REQUIRED_EVIDENCE","Missing Community Coverage","TIER_4","CANDIDATE_ONLY","communities; destinations; production crossing package; address runtime eligibility"
"Fayette County","48149","CANDIDATE_ONLY","0","5","152","A:N C:N D:Y","MISSING_REQUIRED_EVIDENCE","Missing Community Coverage","TIER_3","CANDIDATE_ONLY","communities; address runtime eligibility"
"Fisher County","48151","CANDIDATE_ONLY","0","0","0","A:N C:N D:N","MISSING_REQUIRED_EVIDENCE","Missing Community Coverage","TIER_4","CANDIDATE_ONLY","communities; destinations; production crossing package; address runtime eligibility"
"Floyd County","48153","CANDIDATE_ONLY","0","0","0","A:N C:N D:N","MISSING_REQUIRED_EVIDENCE","Missing Community Coverage","TIER_4","CANDIDATE_ONLY","communities; destinations; production crossing package; address runtime eligibility"
"Foard County","48155","CANDIDATE_ONLY","0","0","0","A:N C:N D:N","MISSING_REQUIRED_EVIDENCE","Missing Community Coverage","TIER_4","CANDIDATE_ONLY","communities; destinations; production crossing package; address runtime eligibility"
"Fort Bend County","48157","CANDIDATE_ONLY","0","5","175","A:N C:N D:Y","MISSING_REQUIRED_EVIDENCE","Missing Community Coverage","TIER_3","CANDIDATE_ONLY","communities; address runtime eligibility"
"Franklin County","48159","CANDIDATE_ONLY","0","0","0","A:N C:N D:N","MISSING_REQUIRED_EVIDENCE","Missing Community Coverage","TIER_4","CANDIDATE_ONLY","communities; destinations; production crossing package; address runtime eligibility"
"Freestone County","48161","CANDIDATE_ONLY","0","0","0","A:N C:N D:N","MISSING_REQUIRED_EVIDENCE","Missing Community Coverage","TIER_4","CANDIDATE_ONLY","communities; destinations; production crossing package; address runtime eligibility"
"Frio County","48163","CANDIDATE_ONLY","0","0","0","A:N C:N D:N","MISSING_REQUIRED_EVIDENCE","Missing Community Coverage","TIER_4","CANDIDATE_ONLY","communities; destinations; production crossing package; address runtime eligibility"
"Gaines County","48165","CANDIDATE_ONLY","0","0","0","A:N C:N D:N","MISSING_REQUIRED_EVIDENCE","Missing Community Coverage","TIER_4","CANDIDATE_ONLY","communities; destinations; production crossing package; address runtime eligibility"
"Galveston County","48167","CANDIDATE_ONLY","0","5","144","A:N C:N D:Y","MISSING_REQUIRED_EVIDENCE","Missing Community Coverage","TIER_3","CANDIDATE_ONLY","communities; address runtime eligibility"
"Garza County","48169","CANDIDATE_ONLY","0","0","0","A:N C:N D:N","MISSING_REQUIRED_EVIDENCE","Missing Community Coverage","TIER_4","CANDIDATE_ONLY","communities; destinations; production crossing package; address runtime eligibility"
"Gillespie County","48171","CANDIDATE_ONLY","0","0","0","A:N C:N D:N","MISSING_REQUIRED_EVIDENCE","Missing Community Coverage","TIER_4","CANDIDATE_ONLY","communities; destinations; production crossing package; address runtime eligibility"
"Glasscock County","48173","CANDIDATE_ONLY","0","0","0","A:N C:N D:N","MISSING_REQUIRED_EVIDENCE","Missing Community Coverage","TIER_4","CANDIDATE_ONLY","communities; destinations; production crossing package; address runtime eligibility"
"Goliad County","48175","CANDIDATE_ONLY","0","0","0","A:N C:N D:N","MISSING_REQUIRED_EVIDENCE","Missing Community Coverage","TIER_4","CANDIDATE_ONLY","communities; destinations; production crossing package; address runtime eligibility"
"Gonzales County","48177","CANDIDATE_ONLY","0","0","0","A:N C:N D:N","MISSING_REQUIRED_EVIDENCE","Missing Community Coverage","TIER_4","CANDIDATE_ONLY","communities; destinations; production crossing package; address runtime eligibility"
"Gray County","48179","CANDIDATE_ONLY","0","0","0","A:N C:N D:N","MISSING_REQUIRED_EVIDENCE","Missing Community Coverage","TIER_4","CANDIDATE_ONLY","communities; destinations; production crossing package; address runtime eligibility"
"Grayson County","48181","CANDIDATE_ONLY","0","0","0","A:N C:N D:N","MISSING_REQUIRED_EVIDENCE","Missing Community Coverage","TIER_4","CANDIDATE_ONLY","communities; destinations; production crossing package; address runtime eligibility"
"Gregg County","48183","CANDIDATE_ONLY","0","0","0","A:N C:N D:N","MISSING_REQUIRED_EVIDENCE","Missing Community Coverage","TIER_4","CANDIDATE_ONLY","communities; destinations; production crossing package; address runtime eligibility"
"Grimes County","48185","CANDIDATE_ONLY","0","5","109","A:N C:N D:Y","MISSING_REQUIRED_EVIDENCE","Missing Community Coverage","TIER_3","CANDIDATE_ONLY","communities; address runtime eligibility"
"Guadalupe County","48187","CANDIDATE_ONLY","0","0","0","A:N C:N D:N","MISSING_REQUIRED_EVIDENCE","Missing Community Coverage","TIER_4","CANDIDATE_ONLY","communities; destinations; production crossing package; address runtime eligibility"
"Hale County","48189","CANDIDATE_ONLY","0","0","0","A:N C:N D:N","MISSING_REQUIRED_EVIDENCE","Missing Community Coverage","TIER_4","CANDIDATE_ONLY","communities; destinations; production crossing package; address runtime eligibility"
"Hall County","48191","CANDIDATE_ONLY","0","0","0","A:N C:N D:N","MISSING_REQUIRED_EVIDENCE","Missing Community Coverage","TIER_4","CANDIDATE_ONLY","communities; destinations; production crossing package; address runtime eligibility"
"Hamilton County","48193","CANDIDATE_ONLY","0","0","0","A:N C:N D:N","MISSING_REQUIRED_EVIDENCE","Missing Community Coverage","TIER_4","CANDIDATE_ONLY","communities; destinations; production crossing package; address runtime eligibility"
"Hansford County","48195","CANDIDATE_ONLY","0","0","0","A:N C:N D:N","MISSING_REQUIRED_EVIDENCE","Missing Community Coverage","TIER_4","CANDIDATE_ONLY","communities; destinations; production crossing package; address runtime eligibility"
"Hardeman County","48197","CANDIDATE_ONLY","0","0","0","A:N C:N D:N","MISSING_REQUIRED_EVIDENCE","Missing Community Coverage","TIER_4","CANDIDATE_ONLY","communities; destinations; production crossing package; address runtime eligibility"
"Hardin County","48199","CANDIDATE_ONLY","0","5","82","A:N C:N D:Y","MISSING_REQUIRED_EVIDENCE","Missing Community Coverage","TIER_3","CANDIDATE_ONLY","communities; address runtime eligibility"
"Harris County","48201","CANDIDATE_ONLY","0","5","1159","A:N C:N D:Y","MISSING_REQUIRED_EVIDENCE","Missing Community Coverage","TIER_3","CANDIDATE_ONLY","communities; address runtime eligibility"
"Harrison County","48203","CANDIDATE_ONLY","0","0","0","A:N C:N D:N","MISSING_REQUIRED_EVIDENCE","Missing Community Coverage","TIER_4","CANDIDATE_ONLY","communities; destinations; production crossing package; address runtime eligibility"
"Hartley County","48205","CANDIDATE_ONLY","0","0","0","A:N C:N D:N","MISSING_REQUIRED_EVIDENCE","Missing Community Coverage","TIER_4","CANDIDATE_ONLY","communities; destinations; production crossing package; address runtime eligibility"
"Haskell County","48207","CANDIDATE_ONLY","0","0","0","A:N C:N D:N","MISSING_REQUIRED_EVIDENCE","Missing Community Coverage","TIER_4","CANDIDATE_ONLY","communities; destinations; production crossing package; address runtime eligibility"
"Hays County","48209","CANDIDATE_ONLY","0","0","0","A:N C:N D:N","MISSING_REQUIRED_EVIDENCE","Missing Community Coverage","TIER_4","CANDIDATE_ONLY","communities; destinations; production crossing package; address runtime eligibility"
"Hemphill County","48211","CANDIDATE_ONLY","0","0","0","A:N C:N D:N","MISSING_REQUIRED_EVIDENCE","Missing Community Coverage","TIER_4","CANDIDATE_ONLY","communities; destinations; production crossing package; address runtime eligibility"
"Henderson County","48213","CANDIDATE_ONLY","0","0","0","A:N C:N D:N","MISSING_REQUIRED_EVIDENCE","Missing Community Coverage","TIER_4","CANDIDATE_ONLY","communities; destinations; production crossing package; address runtime eligibility"
"Hidalgo County","48215","CANDIDATE_ONLY","0","0","0","A:N C:N D:N","MISSING_REQUIRED_EVIDENCE","Missing Community Coverage","TIER_4","CANDIDATE_ONLY","communities; destinations; production crossing package; address runtime eligibility"
"Hill County","48217","CANDIDATE_ONLY","0","0","0","A:N C:N D:N","MISSING_REQUIRED_EVIDENCE","Missing Community Coverage","TIER_4","CANDIDATE_ONLY","communities; destinations; production crossing package; address runtime eligibility"
"Hockley County","48219","CANDIDATE_ONLY","0","0","0","A:N C:N D:N","MISSING_REQUIRED_EVIDENCE","Missing Community Coverage","TIER_4","CANDIDATE_ONLY","communities; destinations; production crossing package; address runtime eligibility"
"Hood County","48221","CANDIDATE_ONLY","0","0","0","A:N C:N D:N","MISSING_REQUIRED_EVIDENCE","Missing Community Coverage","TIER_4","CANDIDATE_ONLY","communities; destinations; production crossing package; address runtime eligibility"
"Hopkins County","48223","CANDIDATE_ONLY","0","0","0","A:N C:N D:N","MISSING_REQUIRED_EVIDENCE","Missing Community Coverage","TIER_4","CANDIDATE_ONLY","communities; destinations; production crossing package; address runtime eligibility"
"Houston County","48225","CANDIDATE_ONLY","0","0","0","A:N C:N D:N","MISSING_REQUIRED_EVIDENCE","Missing Community Coverage","TIER_4","CANDIDATE_ONLY","communities; destinations; production crossing package; address runtime eligibility"
"Howard County","48227","CANDIDATE_ONLY","0","0","0","A:N C:N D:N","MISSING_REQUIRED_EVIDENCE","Missing Community Coverage","TIER_4","CANDIDATE_ONLY","communities; destinations; production crossing package; address runtime eligibility"
"Hudspeth County","48229","CERTIFICATION_BLOCKED","0","0","0","A:N C:N D:N","CERTIFICATION_BLOCKED","Certification Blocked","TIER_4","CERTIFICATION_BLOCKED","communities; destinations; production crossing package; certification; address runtime eligibility"
"Hunt County","48231","CANDIDATE_ONLY","0","0","0","A:N C:N D:N","MISSING_REQUIRED_EVIDENCE","Missing Community Coverage","TIER_4","CANDIDATE_ONLY","communities; destinations; production crossing package; address runtime eligibility"
"Hutchinson County","48233","CANDIDATE_ONLY","0","0","0","A:N C:N D:N","MISSING_REQUIRED_EVIDENCE","Missing Community Coverage","TIER_4","CANDIDATE_ONLY","communities; destinations; production crossing package; address runtime eligibility"
"Irion County","48235","CANDIDATE_ONLY","0","0","0","A:N C:N D:N","MISSING_REQUIRED_EVIDENCE","Missing Community Coverage","TIER_4","CANDIDATE_ONLY","communities; destinations; production crossing package; address runtime eligibility"
"Jack County","48237","CANDIDATE_ONLY","0","0","0","A:N C:N D:N","MISSING_REQUIRED_EVIDENCE","Missing Community Coverage","TIER_4","CANDIDATE_ONLY","communities; destinations; production crossing package; address runtime eligibility"
"Jackson County","48239","CANDIDATE_ONLY","0","5","74","A:N C:N D:Y","MISSING_REQUIRED_EVIDENCE","Missing Community Coverage","TIER_3","CANDIDATE_ONLY","communities; address runtime eligibility"
"Jasper County","48241","CANDIDATE_ONLY","0","5","106","A:N C:N D:Y","MISSING_REQUIRED_EVIDENCE","Missing Community Coverage","TIER_3","CANDIDATE_ONLY","communities; address runtime eligibility"
"Jeff Davis County","48243","CANDIDATE_ONLY","0","0","0","A:N C:N D:N","MISSING_REQUIRED_EVIDENCE","Missing Community Coverage","TIER_4","CANDIDATE_ONLY","communities; destinations; production crossing package; address runtime eligibility"
"Jefferson County","48245","CANDIDATE_ONLY","0","5","378","A:N C:N D:Y","MISSING_REQUIRED_EVIDENCE","Missing Community Coverage","TIER_3","CANDIDATE_ONLY","communities; address runtime eligibility"
"Jim Hogg County","48247","CANDIDATE_ONLY","0","0","0","A:N C:N D:N","MISSING_REQUIRED_EVIDENCE","Missing Community Coverage","TIER_4","CANDIDATE_ONLY","communities; destinations; production crossing package; address runtime eligibility"
"Jim Wells County","48249","CANDIDATE_ONLY","0","0","0","A:N C:N D:N","MISSING_REQUIRED_EVIDENCE","Missing Community Coverage","TIER_4","CANDIDATE_ONLY","communities; destinations; production crossing package; address runtime eligibility"
"Johnson County","48251","CANDIDATE_ONLY","0","0","0","A:N C:N D:N","MISSING_REQUIRED_EVIDENCE","Missing Community Coverage","TIER_4","CANDIDATE_ONLY","communities; destinations; production crossing package; address runtime eligibility"
"Jones County","48253","CANDIDATE_ONLY","0","0","0","A:N C:N D:N","MISSING_REQUIRED_EVIDENCE","Missing Community Coverage","TIER_4","CANDIDATE_ONLY","communities; destinations; production crossing package; address runtime eligibility"
"Karnes County","48255","CANDIDATE_ONLY","0","0","0","A:N C:N D:N","MISSING_REQUIRED_EVIDENCE","Missing Community Coverage","TIER_4","CANDIDATE_ONLY","communities; destinations; production crossing package; address runtime eligibility"
"Kaufman County","48257","CANDIDATE_ONLY","0","0","0","A:N C:N D:N","MISSING_REQUIRED_EVIDENCE","Missing Community Coverage","TIER_4","CANDIDATE_ONLY","communities; destinations; production crossing package; address runtime eligibility"
"Kendall County","48259","CANDIDATE_ONLY","0","0","0","A:N C:N D:N","MISSING_REQUIRED_EVIDENCE","Missing Community Coverage","TIER_4","CANDIDATE_ONLY","communities; destinations; production crossing package; address runtime eligibility"
"Kenedy County","48261","CANDIDATE_ONLY","0","0","0","A:N C:N D:N","MISSING_REQUIRED_EVIDENCE","Missing Community Coverage","TIER_4","CANDIDATE_ONLY","communities; destinations; production crossing package; address runtime eligibility"
"Kent County","48263","CANDIDATE_ONLY","0","0","0","A:N C:N D:N","MISSING_REQUIRED_EVIDENCE","Missing Community Coverage","TIER_4","CANDIDATE_ONLY","communities; destinations; production crossing package; address runtime eligibility"
"Kerr County","48265","CANDIDATE_ONLY","0","0","0","A:N C:N D:N","MISSING_REQUIRED_EVIDENCE","Missing Community Coverage","TIER_4","CANDIDATE_ONLY","communities; destinations; production crossing package; address runtime eligibility"
"Kimble County","48267","CANDIDATE_ONLY","0","0","0","A:N C:N D:N","MISSING_REQUIRED_EVIDENCE","Missing Community Coverage","TIER_4","CANDIDATE_ONLY","communities; destinations; production crossing package; address runtime eligibility"
"King County","48269","CANDIDATE_ONLY","0","0","0","A:N C:N D:N","MISSING_REQUIRED_EVIDENCE","Missing Community Coverage","TIER_4","CANDIDATE_ONLY","communities; destinations; production crossing package; address runtime eligibility"
"Kinney County","48271","CANDIDATE_ONLY","0","0","0","A:N C:N D:N","MISSING_REQUIRED_EVIDENCE","Missing Community Coverage","TIER_4","CANDIDATE_ONLY","communities; destinations; production crossing package; address runtime eligibility"
"Kleberg County","48273","CANDIDATE_ONLY","0","0","0","A:N C:N D:N","MISSING_REQUIRED_EVIDENCE","Missing Community Coverage","TIER_4","CANDIDATE_ONLY","communities; destinations; production crossing package; address runtime eligibility"
"Knox County","48275","CANDIDATE_ONLY","0","0","0","A:N C:N D:N","MISSING_REQUIRED_EVIDENCE","Missing Community Coverage","TIER_4","CANDIDATE_ONLY","communities; destinations; production crossing package; address runtime eligibility"
"Lamar County","48277","CANDIDATE_ONLY","0","0","0","A:N C:N D:N","MISSING_REQUIRED_EVIDENCE","Missing Community Coverage","TIER_4","CANDIDATE_ONLY","communities; destinations; production crossing package; address runtime eligibility"
"Lamb County","48279","CANDIDATE_ONLY","0","0","0","A:N C:N D:N","MISSING_REQUIRED_EVIDENCE","Missing Community Coverage","TIER_4","CANDIDATE_ONLY","communities; destinations; production crossing package; address runtime eligibility"
"Lampasas County","48281","CANDIDATE_ONLY","0","0","0","A:N C:N D:N","MISSING_REQUIRED_EVIDENCE","Missing Community Coverage","TIER_4","CANDIDATE_ONLY","communities; destinations; production crossing package; address runtime eligibility"
"La Salle County","48283","CANDIDATE_ONLY","0","0","0","A:N C:N D:N","MISSING_REQUIRED_EVIDENCE","Missing Community Coverage","TIER_4","CANDIDATE_ONLY","communities; destinations; production crossing package; address runtime eligibility"
"Lavaca County","48285","CANDIDATE_ONLY","0","5","39","A:N C:N D:Y","MISSING_REQUIRED_EVIDENCE","Missing Community Coverage","TIER_3","CANDIDATE_ONLY","communities; address runtime eligibility"
"Lee County","48287","CANDIDATE_ONLY","0","0","0","A:N C:N D:N","MISSING_REQUIRED_EVIDENCE","Missing Community Coverage","TIER_4","CANDIDATE_ONLY","communities; destinations; production crossing package; address runtime eligibility"
"Leon County","48289","CANDIDATE_ONLY","0","0","0","A:N C:N D:N","MISSING_REQUIRED_EVIDENCE","Missing Community Coverage","TIER_4","CANDIDATE_ONLY","communities; destinations; production crossing package; address runtime eligibility"
"Liberty County","48291","PASS","6","18","115","A:Y C:Y D:Y","PRODUCTION_READY","Already Production Ready","TIER_1","PRODUCTION_READY",""
"Limestone County","48293","CANDIDATE_ONLY","0","0","0","A:N C:N D:N","MISSING_REQUIRED_EVIDENCE","Missing Community Coverage","TIER_4","CANDIDATE_ONLY","communities; destinations; production crossing package; address runtime eligibility"
"Lipscomb County","48295","CANDIDATE_ONLY","0","0","0","A:N C:N D:N","MISSING_REQUIRED_EVIDENCE","Missing Community Coverage","TIER_4","CANDIDATE_ONLY","communities; destinations; production crossing package; address runtime eligibility"
"Live Oak County","48297","CANDIDATE_ONLY","0","0","0","A:N C:N D:N","MISSING_REQUIRED_EVIDENCE","Missing Community Coverage","TIER_4","CANDIDATE_ONLY","communities; destinations; production crossing package; address runtime eligibility"
"Llano County","48299","CANDIDATE_ONLY","0","0","0","A:N C:N D:N","MISSING_REQUIRED_EVIDENCE","Missing Community Coverage","TIER_4","CANDIDATE_ONLY","communities; destinations; production crossing package; address runtime eligibility"
"Loving County","48301","CANDIDATE_ONLY","0","0","0","A:N C:N D:N","MISSING_REQUIRED_EVIDENCE","Missing Community Coverage","TIER_4","CANDIDATE_ONLY","communities; destinations; production crossing package; address runtime eligibility"
"Lubbock County","48303","CANDIDATE_ONLY","0","0","0","A:N C:N D:N","MISSING_REQUIRED_EVIDENCE","Missing Community Coverage","TIER_4","CANDIDATE_ONLY","communities; destinations; production crossing package; address runtime eligibility"
"Lynn County","48305","CANDIDATE_ONLY","0","0","0","A:N C:N D:N","MISSING_REQUIRED_EVIDENCE","Missing Community Coverage","TIER_4","CANDIDATE_ONLY","communities; destinations; production crossing package; address runtime eligibility"
"McCulloch County","48307","CANDIDATE_ONLY","0","0","0","A:N C:N D:N","MISSING_REQUIRED_EVIDENCE","Missing Community Coverage","TIER_4","CANDIDATE_ONLY","communities; destinations; production crossing package; address runtime eligibility"
"McLennan County","48309","CANDIDATE_ONLY","0","0","0","A:N C:N D:N","MISSING_REQUIRED_EVIDENCE","Missing Community Coverage","TIER_4","CANDIDATE_ONLY","communities; destinations; production crossing package; address runtime eligibility"
"McMullen County","48311","CANDIDATE_ONLY","0","0","0","A:N C:N D:N","MISSING_REQUIRED_EVIDENCE","Missing Community Coverage","TIER_4","CANDIDATE_ONLY","communities; destinations; production crossing package; address runtime eligibility"
"Madison County","48313","CANDIDATE_ONLY","0","0","0","A:N C:N D:N","MISSING_REQUIRED_EVIDENCE","Missing Community Coverage","TIER_4","CANDIDATE_ONLY","communities; destinations; production crossing package; address runtime eligibility"
"Marion County","48315","CANDIDATE_ONLY","0","0","0","A:N C:N D:N","MISSING_REQUIRED_EVIDENCE","Missing Community Coverage","TIER_4","CANDIDATE_ONLY","communities; destinations; production crossing package; address runtime eligibility"
"Martin County","48317","CANDIDATE_ONLY","0","0","0","A:N C:N D:N","MISSING_REQUIRED_EVIDENCE","Missing Community Coverage","TIER_4","CANDIDATE_ONLY","communities; destinations; production crossing package; address runtime eligibility"
"Mason County","48319","CANDIDATE_ONLY","0","0","0","A:N C:N D:N","MISSING_REQUIRED_EVIDENCE","Missing Community Coverage","TIER_4","CANDIDATE_ONLY","communities; destinations; production crossing package; address runtime eligibility"
"Matagorda County","48321","CANDIDATE_ONLY","0","5","80","A:N C:N D:Y","MISSING_REQUIRED_EVIDENCE","Missing Community Coverage","TIER_3","CANDIDATE_ONLY","communities; address runtime eligibility"
"Maverick County","48323","CANDIDATE_ONLY","0","0","0","A:N C:N D:N","MISSING_REQUIRED_EVIDENCE","Missing Community Coverage","TIER_4","CANDIDATE_ONLY","communities; destinations; production crossing package; address runtime eligibility"
"Medina County","48325","CANDIDATE_ONLY","0","0","0","A:N C:N D:N","MISSING_REQUIRED_EVIDENCE","Missing Community Coverage","TIER_4","CANDIDATE_ONLY","communities; destinations; production crossing package; address runtime eligibility"
"Menard County","48327","CANDIDATE_ONLY","0","0","0","A:N C:N D:N","MISSING_REQUIRED_EVIDENCE","Missing Community Coverage","TIER_4","CANDIDATE_ONLY","communities; destinations; production crossing package; address runtime eligibility"
"Midland County","48329","CERTIFICATION_BLOCKED","0","0","0","A:N C:N D:N","CERTIFICATION_BLOCKED","Certification Blocked","TIER_4","CERTIFICATION_BLOCKED","communities; destinations; production crossing package; certification; address runtime eligibility"
"Milam County","48331","CANDIDATE_ONLY","0","0","0","A:N C:N D:N","MISSING_REQUIRED_EVIDENCE","Missing Community Coverage","TIER_4","CANDIDATE_ONLY","communities; destinations; production crossing package; address runtime eligibility"
"Mills County","48333","CANDIDATE_ONLY","0","0","0","A:N C:N D:N","MISSING_REQUIRED_EVIDENCE","Missing Community Coverage","TIER_4","CANDIDATE_ONLY","communities; destinations; production crossing package; address runtime eligibility"
"Mitchell County","48335","CANDIDATE_ONLY","0","0","0","A:N C:N D:N","MISSING_REQUIRED_EVIDENCE","Missing Community Coverage","TIER_4","CANDIDATE_ONLY","communities; destinations; production crossing package; address runtime eligibility"
"Montague County","48337","CANDIDATE_ONLY","0","0","0","A:N C:N D:N","MISSING_REQUIRED_EVIDENCE","Missing Community Coverage","TIER_4","CANDIDATE_ONLY","communities; destinations; production crossing package; address runtime eligibility"
"Montgomery County","48339","CANDIDATE_ONLY","2","5","170","A:N C:Y D:Y","MISSING_REQUIRED_EVIDENCE","Candidate Only","TIER_2","CANDIDATE_ONLY","address runtime eligibility"
"Moore County","48341","CANDIDATE_ONLY","0","0","0","A:N C:N D:N","MISSING_REQUIRED_EVIDENCE","Missing Community Coverage","TIER_4","CANDIDATE_ONLY","communities; destinations; production crossing package; address runtime eligibility"
"Morris County","48343","CANDIDATE_ONLY","0","0","0","A:N C:N D:N","MISSING_REQUIRED_EVIDENCE","Missing Community Coverage","TIER_4","CANDIDATE_ONLY","communities; destinations; production crossing package; address runtime eligibility"
"Motley County","48345","CANDIDATE_ONLY","0","0","0","A:N C:N D:N","MISSING_REQUIRED_EVIDENCE","Missing Community Coverage","TIER_4","CANDIDATE_ONLY","communities; destinations; production crossing package; address runtime eligibility"
"Nacogdoches County","48347","CANDIDATE_ONLY","0","0","0","A:N C:N D:N","MISSING_REQUIRED_EVIDENCE","Missing Community Coverage","TIER_4","CANDIDATE_ONLY","communities; destinations; production crossing package; address runtime eligibility"
"Navarro County","48349","CANDIDATE_ONLY","0","0","0","A:N C:N D:N","MISSING_REQUIRED_EVIDENCE","Missing Community Coverage","TIER_4","CANDIDATE_ONLY","communities; destinations; production crossing package; address runtime eligibility"
"Newton County","48351","CANDIDATE_ONLY","0","5","26","A:N C:N D:Y","MISSING_REQUIRED_EVIDENCE","Missing Community Coverage","TIER_3","CANDIDATE_ONLY","communities; address runtime eligibility"
"Nolan County","48353","CANDIDATE_ONLY","0","0","0","A:N C:N D:N","MISSING_REQUIRED_EVIDENCE","Missing Community Coverage","TIER_4","CANDIDATE_ONLY","communities; destinations; production crossing package; address runtime eligibility"
"Nueces County","48355","CANDIDATE_ONLY","0","0","0","A:N C:N D:N","MISSING_REQUIRED_EVIDENCE","Missing Community Coverage","TIER_4","CANDIDATE_ONLY","communities; destinations; production crossing package; address runtime eligibility"
"Ochiltree County","48357","CANDIDATE_ONLY","0","0","0","A:N C:N D:N","MISSING_REQUIRED_EVIDENCE","Missing Community Coverage","TIER_4","CANDIDATE_ONLY","communities; destinations; production crossing package; address runtime eligibility"
"Oldham County","48359","CANDIDATE_ONLY","0","0","0","A:N C:N D:N","MISSING_REQUIRED_EVIDENCE","Missing Community Coverage","TIER_4","CANDIDATE_ONLY","communities; destinations; production crossing package; address runtime eligibility"
"Orange County","48361","CANDIDATE_ONLY","0","5","149","A:N C:N D:Y","MISSING_REQUIRED_EVIDENCE","Missing Community Coverage","TIER_3","CANDIDATE_ONLY","communities; address runtime eligibility"
"Palo Pinto County","48363","CANDIDATE_ONLY","0","0","0","A:N C:N D:N","MISSING_REQUIRED_EVIDENCE","Missing Community Coverage","TIER_4","CANDIDATE_ONLY","communities; destinations; production crossing package; address runtime eligibility"
"Panola County","48365","CANDIDATE_ONLY","0","0","0","A:N C:N D:N","MISSING_REQUIRED_EVIDENCE","Missing Community Coverage","TIER_4","CANDIDATE_ONLY","communities; destinations; production crossing package; address runtime eligibility"
"Parker County","48367","CANDIDATE_ONLY","0","0","0","A:N C:N D:N","MISSING_REQUIRED_EVIDENCE","Missing Community Coverage","TIER_4","CANDIDATE_ONLY","communities; destinations; production crossing package; address runtime eligibility"
"Parmer County","48369","CANDIDATE_ONLY","0","0","0","A:N C:N D:N","MISSING_REQUIRED_EVIDENCE","Missing Community Coverage","TIER_4","CANDIDATE_ONLY","communities; destinations; production crossing package; address runtime eligibility"
"Pecos County","48371","CANDIDATE_ONLY","0","0","0","A:N C:N D:N","MISSING_REQUIRED_EVIDENCE","Missing Community Coverage","TIER_4","CANDIDATE_ONLY","communities; destinations; production crossing package; address runtime eligibility"
"Polk County","48373","CANDIDATE_ONLY","0","5","64","A:N C:N D:Y","MISSING_REQUIRED_EVIDENCE","Missing Community Coverage","TIER_3","CANDIDATE_ONLY","communities; address runtime eligibility"
"Potter County","48375","CANDIDATE_ONLY","0","0","0","A:N C:N D:N","MISSING_REQUIRED_EVIDENCE","Missing Community Coverage","TIER_4","CANDIDATE_ONLY","communities; destinations; production crossing package; address runtime eligibility"
"Presidio County","48377","CERTIFICATION_BLOCKED","0","0","0","A:N C:N D:N","CERTIFICATION_BLOCKED","Certification Blocked","TIER_4","CERTIFICATION_BLOCKED","communities; destinations; production crossing package; certification; address runtime eligibility"
"Rains County","48379","CANDIDATE_ONLY","0","0","0","A:N C:N D:N","MISSING_REQUIRED_EVIDENCE","Missing Community Coverage","TIER_4","CANDIDATE_ONLY","communities; destinations; production crossing package; address runtime eligibility"
"Randall County","48381","CANDIDATE_ONLY","0","0","0","A:N C:N D:N","MISSING_REQUIRED_EVIDENCE","Missing Community Coverage","TIER_4","CANDIDATE_ONLY","communities; destinations; production crossing package; address runtime eligibility"
"Reagan County","48383","CANDIDATE_ONLY","0","0","0","A:N C:N D:N","MISSING_REQUIRED_EVIDENCE","Missing Community Coverage","TIER_4","CANDIDATE_ONLY","communities; destinations; production crossing package; address runtime eligibility"
"Real County","48385","CANDIDATE_ONLY","0","0","0","A:N C:N D:N","MISSING_REQUIRED_EVIDENCE","Missing Community Coverage","TIER_4","CANDIDATE_ONLY","communities; destinations; production crossing package; address runtime eligibility"
"Red River County","48387","CANDIDATE_ONLY","0","0","0","A:N C:N D:N","MISSING_REQUIRED_EVIDENCE","Missing Community Coverage","TIER_4","CANDIDATE_ONLY","communities; destinations; production crossing package; address runtime eligibility"
"Reeves County","48389","CANDIDATE_ONLY","0","0","0","A:N C:N D:N","MISSING_REQUIRED_EVIDENCE","Missing Community Coverage","TIER_4","CANDIDATE_ONLY","communities; destinations; production crossing package; address runtime eligibility"
"Refugio County","48391","CANDIDATE_ONLY","0","0","0","A:N C:N D:N","MISSING_REQUIRED_EVIDENCE","Missing Community Coverage","TIER_4","CANDIDATE_ONLY","communities; destinations; production crossing package; address runtime eligibility"
"Roberts County","48393","CANDIDATE_ONLY","0","0","0","A:N C:N D:N","MISSING_REQUIRED_EVIDENCE","Missing Community Coverage","TIER_4","CANDIDATE_ONLY","communities; destinations; production crossing package; address runtime eligibility"
"Robertson County","48395","CANDIDATE_ONLY","0","0","0","A:N C:N D:N","MISSING_REQUIRED_EVIDENCE","Missing Community Coverage","TIER_4","CANDIDATE_ONLY","communities; destinations; production crossing package; address runtime eligibility"
"Rockwall County","48397","CANDIDATE_ONLY","0","0","0","A:N C:N D:N","MISSING_REQUIRED_EVIDENCE","Missing Community Coverage","TIER_4","CANDIDATE_ONLY","communities; destinations; production crossing package; address runtime eligibility"
"Runnels County","48399","CANDIDATE_ONLY","0","0","0","A:N C:N D:N","MISSING_REQUIRED_EVIDENCE","Missing Community Coverage","TIER_4","CANDIDATE_ONLY","communities; destinations; production crossing package; address runtime eligibility"
"Rusk County","48401","CERTIFICATION_BLOCKED","0","0","0","A:N C:N D:N","CERTIFICATION_BLOCKED","Certification Blocked","TIER_4","CERTIFICATION_BLOCKED","communities; destinations; production crossing package; certification; address runtime eligibility"
"Sabine County","48403","CANDIDATE_ONLY","0","0","0","A:N C:N D:N","MISSING_REQUIRED_EVIDENCE","Missing Community Coverage","TIER_4","CANDIDATE_ONLY","communities; destinations; production crossing package; address runtime eligibility"
"San Augustine County","48405","CANDIDATE_ONLY","0","0","0","A:N C:N D:N","MISSING_REQUIRED_EVIDENCE","Missing Community Coverage","TIER_4","CANDIDATE_ONLY","communities; destinations; production crossing package; address runtime eligibility"
"San Jacinto County","48407","CANDIDATE_ONLY","4","5","12","A:N C:Y D:Y","MISSING_REQUIRED_EVIDENCE","Candidate Only","TIER_2","CANDIDATE_ONLY","address runtime eligibility"
"San Patricio County","48409","CANDIDATE_ONLY","0","0","0","A:N C:N D:N","MISSING_REQUIRED_EVIDENCE","Missing Community Coverage","TIER_4","CANDIDATE_ONLY","communities; destinations; production crossing package; address runtime eligibility"
"San Saba County","48411","CANDIDATE_ONLY","0","0","0","A:N C:N D:N","MISSING_REQUIRED_EVIDENCE","Missing Community Coverage","TIER_4","CANDIDATE_ONLY","communities; destinations; production crossing package; address runtime eligibility"
"Schleicher County","48413","CANDIDATE_ONLY","0","0","0","A:N C:N D:N","MISSING_REQUIRED_EVIDENCE","Missing Community Coverage","TIER_4","CANDIDATE_ONLY","communities; destinations; production crossing package; address runtime eligibility"
"Scurry County","48415","CANDIDATE_ONLY","0","0","0","A:N C:N D:N","MISSING_REQUIRED_EVIDENCE","Missing Community Coverage","TIER_4","CANDIDATE_ONLY","communities; destinations; production crossing package; address runtime eligibility"
"Shackelford County","48417","CANDIDATE_ONLY","0","0","0","A:N C:N D:N","MISSING_REQUIRED_EVIDENCE","Missing Community Coverage","TIER_4","CANDIDATE_ONLY","communities; destinations; production crossing package; address runtime eligibility"
"Shelby County","48419","CANDIDATE_ONLY","0","0","0","A:N C:N D:N","MISSING_REQUIRED_EVIDENCE","Missing Community Coverage","TIER_4","CANDIDATE_ONLY","communities; destinations; production crossing package; address runtime eligibility"
"Sherman County","48421","CANDIDATE_ONLY","0","0","0","A:N C:N D:N","MISSING_REQUIRED_EVIDENCE","Missing Community Coverage","TIER_4","CANDIDATE_ONLY","communities; destinations; production crossing package; address runtime eligibility"
"Smith County","48423","CANDIDATE_ONLY","0","0","0","A:N C:N D:N","MISSING_REQUIRED_EVIDENCE","Missing Community Coverage","TIER_4","CANDIDATE_ONLY","communities; destinations; production crossing package; address runtime eligibility"
"Somervell County","48425","CERTIFICATION_BLOCKED","0","0","0","A:N C:N D:N","CERTIFICATION_BLOCKED","Certification Blocked","TIER_4","CERTIFICATION_BLOCKED","communities; destinations; production crossing package; certification; address runtime eligibility"
"Starr County","48427","CANDIDATE_ONLY","0","0","0","A:N C:N D:N","MISSING_REQUIRED_EVIDENCE","Missing Community Coverage","TIER_4","CANDIDATE_ONLY","communities; destinations; production crossing package; address runtime eligibility"
"Stephens County","48429","CANDIDATE_ONLY","0","0","0","A:N C:N D:N","MISSING_REQUIRED_EVIDENCE","Missing Community Coverage","TIER_4","CANDIDATE_ONLY","communities; destinations; production crossing package; address runtime eligibility"
"Sterling County","48431","CANDIDATE_ONLY","0","0","0","A:N C:N D:N","MISSING_REQUIRED_EVIDENCE","Missing Community Coverage","TIER_4","CANDIDATE_ONLY","communities; destinations; production crossing package; address runtime eligibility"
"Stonewall County","48433","CANDIDATE_ONLY","0","0","0","A:N C:N D:N","MISSING_REQUIRED_EVIDENCE","Missing Community Coverage","TIER_4","CANDIDATE_ONLY","communities; destinations; production crossing package; address runtime eligibility"
"Sutton County","48435","CANDIDATE_ONLY","0","0","0","A:N C:N D:N","MISSING_REQUIRED_EVIDENCE","Missing Community Coverage","TIER_4","CANDIDATE_ONLY","communities; destinations; production crossing package; address runtime eligibility"
"Swisher County","48437","CANDIDATE_ONLY","0","0","0","A:N C:N D:N","MISSING_REQUIRED_EVIDENCE","Missing Community Coverage","TIER_4","CANDIDATE_ONLY","communities; destinations; production crossing package; address runtime eligibility"
"Tarrant County","48439","CANDIDATE_ONLY","0","0","0","A:N C:N D:N","MISSING_REQUIRED_EVIDENCE","Missing Community Coverage","TIER_4","CANDIDATE_ONLY","communities; destinations; production crossing package; address runtime eligibility"
"Taylor County","48441","CERTIFICATION_BLOCKED","0","0","0","A:N C:N D:N","CERTIFICATION_BLOCKED","Certification Blocked","TIER_4","CERTIFICATION_BLOCKED","communities; destinations; production crossing package; certification; address runtime eligibility"
"Terrell County","48443","CANDIDATE_ONLY","0","0","0","A:N C:N D:N","MISSING_REQUIRED_EVIDENCE","Missing Community Coverage","TIER_4","CANDIDATE_ONLY","communities; destinations; production crossing package; address runtime eligibility"
"Terry County","48445","CANDIDATE_ONLY","0","0","0","A:N C:N D:N","MISSING_REQUIRED_EVIDENCE","Missing Community Coverage","TIER_4","CANDIDATE_ONLY","communities; destinations; production crossing package; address runtime eligibility"
"Throckmorton County","48447","CANDIDATE_ONLY","0","0","0","A:N C:N D:N","MISSING_REQUIRED_EVIDENCE","Missing Community Coverage","TIER_4","CANDIDATE_ONLY","communities; destinations; production crossing package; address runtime eligibility"
"Titus County","48449","CANDIDATE_ONLY","0","0","0","A:N C:N D:N","MISSING_REQUIRED_EVIDENCE","Missing Community Coverage","TIER_4","CANDIDATE_ONLY","communities; destinations; production crossing package; address runtime eligibility"
"Tom Green County","48451","CANDIDATE_ONLY","0","0","0","A:N C:N D:N","MISSING_REQUIRED_EVIDENCE","Missing Community Coverage","TIER_4","CANDIDATE_ONLY","communities; destinations; production crossing package; address runtime eligibility"
"Travis County","48453","CANDIDATE_ONLY","0","0","0","A:N C:N D:N","MISSING_REQUIRED_EVIDENCE","Missing Community Coverage","TIER_4","CANDIDATE_ONLY","communities; destinations; production crossing package; address runtime eligibility"
"Trinity County","48455","CANDIDATE_ONLY","0","0","0","A:N C:N D:N","MISSING_REQUIRED_EVIDENCE","Missing Community Coverage","TIER_4","CANDIDATE_ONLY","communities; destinations; production crossing package; address runtime eligibility"
"Tyler County","48457","CANDIDATE_ONLY","0","5","0","A:N C:N D:Y","MISSING_REQUIRED_EVIDENCE","Missing Community Coverage","TIER_3","CANDIDATE_ONLY","communities; address runtime eligibility"
"Upshur County","48459","CANDIDATE_ONLY","0","0","0","A:N C:N D:N","MISSING_REQUIRED_EVIDENCE","Missing Community Coverage","TIER_4","CANDIDATE_ONLY","communities; destinations; production crossing package; address runtime eligibility"
"Upton County","48461","CANDIDATE_ONLY","0","0","0","A:N C:N D:N","MISSING_REQUIRED_EVIDENCE","Missing Community Coverage","TIER_4","CANDIDATE_ONLY","communities; destinations; production crossing package; address runtime eligibility"
"Uvalde County","48463","CANDIDATE_ONLY","0","0","0","A:N C:N D:N","MISSING_REQUIRED_EVIDENCE","Missing Community Coverage","TIER_4","CANDIDATE_ONLY","communities; destinations; production crossing package; address runtime eligibility"
"Val Verde County","48465","CANDIDATE_ONLY","0","0","0","A:N C:N D:N","MISSING_REQUIRED_EVIDENCE","Missing Community Coverage","TIER_4","CANDIDATE_ONLY","communities; destinations; production crossing package; address runtime eligibility"
"Van Zandt County","48467","CANDIDATE_ONLY","0","0","0","A:N C:N D:N","MISSING_REQUIRED_EVIDENCE","Missing Community Coverage","TIER_4","CANDIDATE_ONLY","communities; destinations; production crossing package; address runtime eligibility"
"Victoria County","48469","CANDIDATE_ONLY","0","0","0","A:N C:N D:N","MISSING_REQUIRED_EVIDENCE","Missing Community Coverage","TIER_4","CANDIDATE_ONLY","communities; destinations; production crossing package; address runtime eligibility"
"Walker County","48471","CANDIDATE_ONLY","0","5","36","A:N C:N D:Y","MISSING_REQUIRED_EVIDENCE","Missing Community Coverage","TIER_3","CANDIDATE_ONLY","communities; address runtime eligibility"
"Waller County","48473","CANDIDATE_ONLY","0","5","46","A:N C:N D:Y","MISSING_REQUIRED_EVIDENCE","Missing Community Coverage","TIER_3","CANDIDATE_ONLY","communities; address runtime eligibility"
"Ward County","48475","CANDIDATE_ONLY","0","0","0","A:N C:N D:N","MISSING_REQUIRED_EVIDENCE","Missing Community Coverage","TIER_4","CANDIDATE_ONLY","communities; destinations; production crossing package; address runtime eligibility"
"Washington County","48477","CANDIDATE_ONLY","0","5","41","A:N C:N D:Y","MISSING_REQUIRED_EVIDENCE","Missing Community Coverage","TIER_3","CANDIDATE_ONLY","communities; address runtime eligibility"
"Webb County","48479","CANDIDATE_ONLY","0","0","0","A:N C:N D:N","MISSING_REQUIRED_EVIDENCE","Missing Community Coverage","TIER_4","CANDIDATE_ONLY","communities; destinations; production crossing package; address runtime eligibility"
"Wharton County","48481","CANDIDATE_ONLY","0","5","72","A:N C:N D:Y","MISSING_REQUIRED_EVIDENCE","Missing Community Coverage","TIER_3","CANDIDATE_ONLY","communities; address runtime eligibility"
"Wheeler County","48483","CANDIDATE_ONLY","0","0","0","A:N C:N D:N","MISSING_REQUIRED_EVIDENCE","Missing Community Coverage","TIER_4","CANDIDATE_ONLY","communities; destinations; production crossing package; address runtime eligibility"
"Wichita County","48485","CANDIDATE_ONLY","0","0","0","A:N C:N D:N","MISSING_REQUIRED_EVIDENCE","Missing Community Coverage","TIER_4","CANDIDATE_ONLY","communities; destinations; production crossing package; address runtime eligibility"
"Wilbarger County","48487","CANDIDATE_ONLY","0","0","0","A:N C:N D:N","MISSING_REQUIRED_EVIDENCE","Missing Community Coverage","TIER_4","CANDIDATE_ONLY","communities; destinations; production crossing package; address runtime eligibility"
"Willacy County","48489","CANDIDATE_ONLY","0","0","0","A:N C:N D:N","MISSING_REQUIRED_EVIDENCE","Missing Community Coverage","TIER_4","CANDIDATE_ONLY","communities; destinations; production crossing package; address runtime eligibility"
"Williamson County","48491","CANDIDATE_ONLY","0","0","0","A:N C:N D:N","MISSING_REQUIRED_EVIDENCE","Missing Community Coverage","TIER_4","CANDIDATE_ONLY","communities; destinations; production crossing package; address runtime eligibility"
"Wilson County","48493","CANDIDATE_ONLY","0","0","0","A:N C:N D:N","MISSING_REQUIRED_EVIDENCE","Missing Community Coverage","TIER_4","CANDIDATE_ONLY","communities; destinations; production crossing package; address runtime eligibility"
"Winkler County","48495","CANDIDATE_ONLY","0","0","0","A:N C:N D:N","MISSING_REQUIRED_EVIDENCE","Missing Community Coverage","TIER_4","CANDIDATE_ONLY","communities; destinations; production crossing package; address runtime eligibility"
"Wise County","48497","CANDIDATE_ONLY","0","0","0","A:N C:N D:N","MISSING_REQUIRED_EVIDENCE","Missing Community Coverage","TIER_4","CANDIDATE_ONLY","communities; destinations; production crossing package; address runtime eligibility"
"Wood County","48499","CANDIDATE_ONLY","0","0","0","A:N C:N D:N","MISSING_REQUIRED_EVIDENCE","Missing Community Coverage","TIER_4","CANDIDATE_ONLY","communities; destinations; production crossing package; address runtime eligibility"
"Yoakum County","48501","CANDIDATE_ONLY","0","0","0","A:N C:N D:N","MISSING_REQUIRED_EVIDENCE","Missing Community Coverage","TIER_4","CANDIDATE_ONLY","communities; destinations; production crossing package; address runtime eligibility"
"Young County","48503","CANDIDATE_ONLY","0","0","0","A:N C:N D:N","MISSING_REQUIRED_EVIDENCE","Missing Community Coverage","TIER_4","CANDIDATE_ONLY","communities; destinations; production crossing package; address runtime eligibility"
"Zapata County","48505","CANDIDATE_ONLY","0","0","0","A:N C:N D:N","MISSING_REQUIRED_EVIDENCE","Missing Community Coverage","TIER_4","CANDIDATE_ONLY","communities; destinations; production crossing package; address runtime eligibility"
"Zavala County","48507","CANDIDATE_ONLY","0","0","0","A:N C:N D:N","MISSING_REQUIRED_EVIDENCE","Missing Community Coverage","TIER_4","CANDIDATE_ONLY","communities; destinations; production crossing package; address runtime eligibility"
