"original_failure_id","code","county_id","place_geoid","status","proof"
"LP24449-0001","SEARCH_NOT_FOUND","brooks-tx","4801514","FIXED","search-recertification.json|visible-search.json"
"LP24449-0002","HOME_BASELINE_WRONG_CONTEXT","nueces-tx","4803600","FIXED","nueces-baseline-replay.json"
"LP24449-0003","HOME_BASELINE_WRONG_CONTEXT","nueces-tx","4805576","FIXED","nueces-baseline-replay.json"
"LP24449-0004","HOME_BASELINE_WRONG_CONTEXT","nueces-tx","4808392","FIXED","nueces-baseline-replay.json"
"LP24449-0005","SEARCH_NOT_FOUND","hidalgo-tx","4814038","FIXED","search-recertification.json|visible-search.json"
"LP24449-0006","SEARCH_NOT_FOUND","val-verde-tx","4814927","FIXED","search-recertification.json|visible-search.json"
"LP24449-0007","SEARCH_NOT_FOUND","bastrop-tx","4814986","FIXED","search-recertification.json|visible-search.json"
"LP24449-0008","HOME_BASELINE_WRONG_CONTEXT","nueces-tx","4817000","FIXED","nueces-baseline-replay.json"
"LP24449-0009","HOME_BASELINE_WRONG_CONTEXT","nueces-tx","4821436","FIXED","nueces-baseline-replay.json"
"LP24449-0010","SEARCH_NOT_FOUND","maverick-tx","4822810","FIXED","search-recertification.json|visible-search.json"
"LP24449-0011","SEARCH_NOT_FOUND","fort-bend-tx","4825795","FIXED","search-recertification.json|visible-search.json"
"LP24449-0012","HOME_BASELINE_WRONG_CONTEXT","nueces-tx","4836008","FIXED","nueces-baseline-replay.json"
"LP24449-0013","HOME_BASELINE_WRONG_CONTEXT","nueces-tx","4841422","FIXED","nueces-baseline-replay.json"
"LP24449-0014","SEARCH_NOT_FOUND","zapata-tx","4843960","FIXED","search-recertification.json|visible-search.json"
"LP24449-0015","SEARCH_NOT_FOUND","fort-bend-tx","4847337","FIXED","search-recertification.json|visible-search.json"
"LP24449-0016","HOME_BASELINE_WRONG_CONTEXT","nueces-tx","4852404","FIXED","nueces-baseline-replay.json"
"LP24449-0017","SEARCH_NOT_FOUND","hood-tx","4853212","FIXED","search-recertification.json|visible-search.json"
"LP24449-0018","HOME_BASELINE_WRONG_CONTEXT","nueces-tx","4857056","FIXED","nueces-baseline-replay.json"
"LP24449-0019","HOME_BASELINE_WRONG_CONTEXT","nueces-tx","4858808","FIXED","nueces-baseline-replay.json"
"LP24449-0020","HOME_BASELINE_WRONG_CONTEXT","nueces-tx","4858904","FIXED","nueces-baseline-replay.json"
"LP24449-0021","HOME_BASELINE_WRONG_CONTEXT","nueces-tx","4860529","FIXED","nueces-baseline-replay.json"
"LP24449-0022","SEARCH_NOT_FOUND","cooke-tx","4862486","FIXED","search-recertification.json|visible-search.json"
"LP24449-0023","HOME_BASELINE_WRONG_CONTEXT","nueces-tx","4862600","FIXED","nueces-baseline-replay.json"
"LP24449-0024","SEARCH_NOT_FOUND","randall-tx","4862834","FIXED","search-recertification.json|visible-search.json"
"LP24449-0025","SEARCH_NOT_FOUND","bexar-tx","4864172","FIXED","search-recertification.json|visible-search.json"
"LP24449-0026","SEARCH_NOT_FOUND","starr-tx","4864316","FIXED","search-recertification.json|visible-search.json"
"LP24449-0027","SEARCH_NOT_FOUND","starr-tx","4864322","FIXED","search-recertification.json|visible-search.json"
"LP24449-0028","HOME_BASELINE_WRONG_CONTEXT","nueces-tx","4865342","FIXED","nueces-baseline-replay.json"
"LP24449-0029","SEARCH_NOT_FOUND","harris-tx","4869272","FIXED","search-recertification.json|visible-search.json"
"LP24449-0030","HOME_BASELINE_WRONG_CONTEXT","nueces-tx","4869708","FIXED","nueces-baseline-replay.json"
"LP24449-0031","HOME_BASELINE_WRONG_CONTEXT","nueces-tx","4872952","FIXED","nueces-baseline-replay.json"
"LP24449-0032","HOME_BASELINE_WRONG_CONTEXT","nueces-tx","4872954","FIXED","nueces-baseline-replay.json"
"LP24449-0033","SEARCH_NOT_FOUND","harris-tx","4877956","FIXED","search-recertification.json|visible-search.json"
"LP24449-0034","HOME_CHOICE_IDENTITY_BINDING_LOSS","lubbock-tx","4800160","FIXED","home-identity-summary.json|home-browser-results.json"
"LP24449-0035","HOME_CHOICE_IDENTITY_BINDING_LOSS","taylor-tx","4801000","FIXED","home-identity-summary.json|home-browser-results.json"
"LP24449-0036","HOME_CHOICE_IDENTITY_BINDING_LOSS","martin-tx","4801108","FIXED","home-identity-summary.json|home-browser-results.json"
"LP24449-0037","HOME_CHOICE_IDENTITY_BINDING_LOSS","nueces-tx","4801396","FIXED","home-identity-summary.json|home-browser-results.json"
"LP24449-0038","HOME_MEMBERSHIP_WRONG_CONTEXT","nueces-tx","4801396","FIXED","home-browser-results.json"
"LP24449-0039","WEATHER_WRONG_LOCALITY","nueces-tx","4801396","FIXED","home-browser-results.json|weather-locality-recertification.json"
"LP24449-0040","HOME_MEMBERSHIP_WRONG_CONTEXT","nueces-tx","4801396","FIXED","home-browser-results.json"
"LP24449-0041","HOME_MEMBERSHIP_WRONG_CONTEXT","nueces-tx","4801396","FIXED","home-browser-results.json"
"LP24449-0042","SEARCH_PUBLICATION_FAILED","brooks-tx","4801514","FIXED","search-recertification.json|visible-search.json"
"LP24449-0043","HOME_CHOICE_IDENTITY_BINDING_LOSS","wood-tx","4801636","FIXED","home-identity-summary.json|home-browser-results.json"
"LP24449-0044","HOME_CHOICE_IDENTITY_BINDING_LOSS","randall-tx","4803000","FIXED","home-identity-summary.json|home-browser-results.json"
"LP24449-0045","HOME_CHOICE_IDENTITY_BINDING_LOSS","nueces-tx","4803600","FIXED","home-identity-summary.json|home-browser-results.json"
"LP24449-0046","HOME_CHOICE_IDENTITY_BINDING_LOSS","san-patricio-tx","4803600","FIXED","home-identity-summary.json|home-browser-results.json"
"LP24449-0047","HOME_CHOICE_IDENTITY_BINDING_LOSS","hays-tx","4805000","FIXED","home-identity-summary.json|home-browser-results.json"
"LP24449-0048","HOME_CHOICE_IDENTITY_BINDING_LOSS","travis-tx","4805000","FIXED","home-identity-summary.json|home-browser-results.json"
"LP24449-0049","HOME_CHOICE_IDENTITY_BINDING_LOSS","williamson-tx","4805000","FIXED","home-identity-summary.json|home-browser-results.json"
"LP24449-0050","HOME_CHOICE_IDENTITY_BINDING_LOSS","tarrant-tx","4805168","FIXED","home-identity-summary.json|home-browser-results.json"
"LP24449-0051","HOME_CHOICE_IDENTITY_BINDING_LOSS","williamson-tx","4805732","FIXED","home-identity-summary.json|home-browser-results.json"
"LP24449-0052","HOME_CHOICE_IDENTITY_BINDING_LOSS","harris-tx","4806128","FIXED","home-identity-summary.json|home-browser-results.json"
"LP24449-0053","HOME_CHOICE_IDENTITY_BINDING_LOSS","polk-tx","4808240","FIXED","home-identity-summary.json|home-browser-results.json"
"LP24449-0054","HOME_CHOICE_IDENTITY_BINDING_LOSS","nolan-tx","4808488","FIXED","home-identity-summary.json|home-browser-results.json"
"LP24449-0055","HOME_CHOICE_IDENTITY_BINDING_LOSS","ochiltree-tx","4809448","FIXED","home-identity-summary.json|home-browser-results.json"
"LP24449-0056","SEARCH_PUBLICATION_FAILED","palo-pinto-tx","4810084","FIXED","search-recertification.json|visible-search.json"
"LP24449-0057","HOME_CHOICE_IDENTITY_BINDING_LOSS","tarrant-tx","4810192","FIXED","home-identity-summary.json|home-browser-results.json"
"LP24449-0058","HOME_CHOICE_IDENTITY_BINDING_LOSS","wise-tx","4810192","FIXED","home-identity-summary.json|home-browser-results.json"
"LP24449-0059","HOME_CHOICE_IDENTITY_BINDING_LOSS","mclennan-tx","4810828","FIXED","home-identity-summary.json|home-browser-results.json"
"LP24449-0060","HOME_CHOICE_IDENTITY_BINDING_LOSS","cherokee-tx","4811212","FIXED","home-identity-summary.json|home-browser-results.json"
"LP24449-0061","HOME_CHOICE_IDENTITY_BINDING_LOSS","tarrant-tx","4811428","FIXED","home-identity-summary.json|home-browser-results.json"
"LP24449-0062","HOME_CHOICE_IDENTITY_BINDING_LOSS","randall-tx","4811572","FIXED","home-identity-summary.json|home-browser-results.json"
"LP24449-0063","SEARCH_PUBLICATION_FAILED","cameron-tx","4812045","FIXED","search-recertification.json|visible-search.json"
"LP24449-0064","HOME_CHOICE_IDENTITY_BINDING_LOSS","dallas-tx","4813024","FIXED","home-identity-summary.json|home-browser-results.json"
"LP24449-0065","HOME_CHOICE_IDENTITY_BINDING_LOSS","denton-tx","4813024","FIXED","home-identity-summary.json|home-browser-results.json"
"LP24449-0066","SEARCH_PUBLICATION_FAILED","wichita-tx","4813198","FIXED","search-recertification.json|visible-search.json"
"LP24449-0067","HOME_CHOICE_IDENTITY_BINDING_LOSS","dallas-tx","4813492","FIXED","home-identity-summary.json|home-browser-results.json"
"LP24449-0068","HOME_CHOICE_IDENTITY_BINDING_LOSS","williamson-tx","4813552","FIXED","home-identity-summary.json|home-browser-results.json"
"LP24449-0069","HOME_CHOICE_IDENTITY_BINDING_LOSS","denton-tx","4813684","FIXED","home-identity-summary.json|home-browser-results.json"
"LP24449-0070","SEARCH_PUBLICATION_FAILED","hidalgo-tx","4814038","FIXED","search-recertification.json|visible-search.json"
"LP24449-0071","HOME_CHOICE_IDENTITY_BINDING_LOSS","cameron-tx","4814880","FIXED","home-identity-summary.json|home-browser-results.json"
"LP24449-0072","HOME_MEMBERSHIP_WRONG_CONTEXT","cameron-tx","4814880","FIXED","home-browser-results.json"
"LP24449-0073","WEATHER_WRONG_LOCALITY","cameron-tx","4814880","FIXED","home-browser-results.json|weather-locality-recertification.json"
"LP24449-0074","HOME_MEMBERSHIP_WRONG_CONTEXT","cameron-tx","4814880","FIXED","home-browser-results.json"
"LP24449-0075","HOME_MEMBERSHIP_WRONG_CONTEXT","cameron-tx","4814880","FIXED","home-browser-results.json"
"LP24449-0076","HOME_CHOICE_IDENTITY_BINDING_LOSS","zavala-tx","4814882","FIXED","home-identity-summary.json|home-browser-results.json"
"LP24449-0077","HOME_MEMBERSHIP_WRONG_CONTEXT","zavala-tx","4814882","FIXED","home-browser-results.json"
"LP24449-0078","WEATHER_WRONG_LOCALITY","zavala-tx","4814882","FIXED","home-browser-results.json|weather-locality-recertification.json"
"LP24449-0079","HOME_MEMBERSHIP_WRONG_CONTEXT","zavala-tx","4814882","FIXED","home-browser-results.json"
"LP24449-0080","HOME_MEMBERSHIP_WRONG_CONTEXT","zavala-tx","4814882","FIXED","home-browser-results.json"
"LP24449-0081","HOME_CHOICE_IDENTITY_BINDING_LOSS","guadalupe-tx","4814920","FIXED","home-identity-summary.json|home-browser-results.json"
"LP24449-0082","SEARCH_PUBLICATION_FAILED","val-verde-tx","4814927","FIXED","search-recertification.json|visible-search.json"
"LP24449-0083","HOME_CHOICE_IDENTITY_BINDING_LOSS","fort-bend-tx","4814929","FIXED","home-identity-summary.json|home-browser-results.json"
"LP24449-0084","SEARCH_PUBLICATION_FAILED","bastrop-tx","4814986","FIXED","search-recertification.json|visible-search.json"
"LP24449-0085","HOME_CHOICE_IDENTITY_BINDING_LOSS","upshur-tx","4815172","FIXED","home-identity-summary.json|home-browser-results.json"
"LP24449-0086","HOME_CHOICE_IDENTITY_BINDING_LOSS","montgomery-tx","4815436","FIXED","home-identity-summary.json|home-browser-results.json"
"LP24449-0087","HOME_CHOICE_IDENTITY_BINDING_LOSS","san-jacinto-tx","4815436","FIXED","home-identity-summary.json|home-browser-results.json"
"LP24449-0088","SEARCH_PUBLICATION_FAILED","brazos-tx","4815976","FIXED","search-recertification.json|visible-search.json"
"LP24449-0089","HOME_CHOICE_IDENTITY_BINDING_LOSS","dallas-tx","4816216","FIXED","home-identity-summary.json|home-browser-results.json"
"LP24449-0090","HOME_CHOICE_IDENTITY_BINDING_LOSS","denton-tx","4816612","FIXED","home-identity-summary.json|home-browser-results.json"
"LP24449-0091","HOME_CHOICE_IDENTITY_BINDING_LOSS","coryell-tx","4816624","FIXED","home-identity-summary.json|home-browser-results.json"
"LP24449-0092","HOME_CHOICE_IDENTITY_BINDING_LOSS","lampasas-tx","4816624","FIXED","home-identity-summary.json|home-browser-results.json"
"LP24449-0093","HOME_CHOICE_IDENTITY_BINDING_LOSS","kleberg-tx","4817000","FIXED","home-identity-summary.json|home-browser-results.json"
"LP24449-0094","HOME_CHOICE_IDENTITY_BINDING_LOSS","nueces-tx","4817000","FIXED","home-identity-summary.json|home-browser-results.json"
"LP24449-0095","HOME_CHOICE_IDENTITY_BINDING_LOSS","san-patricio-tx","4817000","FIXED","home-identity-summary.json|home-browser-results.json"
"LP24449-0096","HOME_CHOICE_IDENTITY_BINDING_LOSS","travis-tx","4817612","FIXED","home-identity-summary.json|home-browser-results.json"
"LP24449-0097","HOME_CHOICE_IDENTITY_BINDING_LOSS","johnson-tx","4817648","FIXED","home-identity-summary.json|home-browser-results.json"
"LP24449-0098","HOME_CHOICE_IDENTITY_BINDING_LOSS","parker-tx","4817648","FIXED","home-identity-summary.json|home-browser-results.json"
"LP24449-0099","HOME_CHOICE_IDENTITY_BINDING_LOSS","tarrant-tx","4817960","FIXED","home-identity-summary.json|home-browser-results.json"
"LP24449-0100","HOME_CHOICE_IDENTITY_BINDING_LOSS","hartley-tx","4818524","FIXED","home-identity-summary.json|home-browser-results.json"
"LP24449-0101","HOME_CHOICE_IDENTITY_BINDING_LOSS","dallas-tx","4819000","FIXED","home-identity-summary.json|home-browser-results.json"
"LP24449-0102","HOME_CHOICE_IDENTITY_BINDING_LOSS","denton-tx","4819000","FIXED","home-identity-summary.json|home-browser-results.json"
"LP24449-0103","HOME_CHOICE_IDENTITY_BINDING_LOSS","kaufman-tx","4819000","FIXED","home-identity-summary.json|home-browser-results.json"
"LP24449-0104","HOME_CHOICE_IDENTITY_BINDING_LOSS","rockwall-tx","4819000","FIXED","home-identity-summary.json|home-browser-results.json"
"LP24449-0105","HOME_CHOICE_IDENTITY_BINDING_LOSS","yoakum-tx","4819984","FIXED","home-identity-summary.json|home-browser-results.json"
"LP24449-0106","HOME_CHOICE_IDENTITY_BINDING_LOSS","red-river-tx","4820020","FIXED","home-identity-summary.json|home-browser-results.json"
"LP24449-0107","HOME_CHOICE_IDENTITY_BINDING_LOSS","upshur-tx","4822168","FIXED","home-identity-summary.json|home-browser-results.json"
"LP24449-0108","HOME_CHOICE_IDENTITY_BINDING_LOSS","rusk-tx","4822192","FIXED","home-identity-summary.json|home-browser-results.json"
"LP24449-0109","SEARCH_PUBLICATION_FAILED","maverick-tx","4822810","FIXED","search-recertification.json|visible-search.json"
"LP24449-0110","HOME_CHOICE_IDENTITY_BINDING_LOSS","webb-tx","4822905","FIXED","home-identity-summary.json|home-browser-results.json"
"LP24449-0111","HOME_MEMBERSHIP_WRONG_CONTEXT","webb-tx","4822905","FIXED","home-browser-results.json"
"LP24449-0112","WEATHER_WRONG_LOCALITY","webb-tx","4822905","FIXED","home-browser-results.json|weather-locality-recertification.json"
"LP24449-0113","HOME_MEMBERSHIP_WRONG_CONTEXT","webb-tx","4822905","FIXED","home-browser-results.json"
"LP24449-0114","HOME_MEMBERSHIP_WRONG_CONTEXT","webb-tx","4822905","FIXED","home-browser-results.json"
"LP24449-0115","HOME_CHOICE_IDENTITY_BINDING_LOSS","travis-tx","4823044","FIXED","home-identity-summary.json|home-browser-results.json"
"LP24449-0116","HOME_CHOICE_IDENTITY_BINDING_LOSS","wilson-tx","4823272","FIXED","home-identity-summary.json|home-browser-results.json"
"LP24449-0117","HOME_CHOICE_IDENTITY_BINDING_LOSS","hamilton-tx","4824864","FIXED","home-identity-summary.json|home-browser-results.json"
"LP24449-0118","HOME_CHOICE_IDENTITY_BINDING_LOSS","comal-tx","4825168","FIXED","home-identity-summary.json|home-browser-results.json"
"LP24449-0119","HOME_CHOICE_IDENTITY_BINDING_LOSS","kendall-tx","4825168","FIXED","home-identity-summary.json|home-browser-results.json"
"LP24449-0120","HOME_CHOICE_IDENTITY_BINDING_LOSS","dallas-tx","4825752","FIXED","home-identity-summary.json|home-browser-results.json"
"LP24449-0121","SEARCH_PUBLICATION_FAILED","fort-bend-tx","4825795","FIXED","search-recertification.json|visible-search.json"
"LP24449-0122","HOME_CHOICE_IDENTITY_BINDING_LOSS","denton-tx","4826232","FIXED","home-identity-summary.json|home-browser-results.json"
"LP24449-0123","HOME_CHOICE_IDENTITY_BINDING_LOSS","coryell-tx","4826666","FIXED","home-identity-summary.json|home-browser-results.json"
"LP24449-0124","HOME_CHOICE_IDENTITY_BINDING_LOSS","denton-tx","4827000","FIXED","home-identity-summary.json|home-browser-results.json"
"LP24449-0125","HOME_CHOICE_IDENTITY_BINDING_LOSS","parker-tx","4827000","FIXED","home-identity-summary.json|home-browser-results.json"
"LP24449-0126","HOME_CHOICE_IDENTITY_BINDING_LOSS","tarrant-tx","4827000","FIXED","home-identity-summary.json|home-browser-results.json"
"LP24449-0127","HOME_CHOICE_IDENTITY_BINDING_LOSS","wise-tx","4827000","FIXED","home-identity-summary.json|home-browser-results.json"
"LP24449-0128","HOME_CHOICE_IDENTITY_BINDING_LOSS","henderson-tx","4827300","FIXED","home-identity-summary.json|home-browser-results.json"
"LP24449-0129","MULTICOUNTY_WRONG_MEMBERSHIP","henderson-tx","4827300","FIXED","home-browser-results.json"
"LP24449-0130","MULTICOUNTY_WRONG_MEMBERSHIP","henderson-tx","4827300","FIXED","home-browser-results.json"
"LP24449-0131","HOME_CHOICE_IDENTITY_BINDING_LOSS","galveston-tx","4827648","FIXED","home-identity-summary.json|home-browser-results.json"
"LP24449-0132","HOME_CHOICE_IDENTITY_BINDING_LOSS","denton-tx","4827684","FIXED","home-identity-summary.json|home-browser-results.json"
"LP24449-0133","HOME_CHOICE_IDENTITY_BINDING_LOSS","moore-tx","4827696","FIXED","home-identity-summary.json|home-browser-results.json"
"LP24449-0134","HOME_CHOICE_IDENTITY_BINDING_LOSS","dallas-tx","4829000","FIXED","home-identity-summary.json|home-browser-results.json"
"LP24449-0135","HOME_CHOICE_IDENTITY_BINDING_LOSS","upshur-tx","4829660","FIXED","home-identity-summary.json|home-browser-results.json"
"LP24449-0136","HOME_CHOICE_IDENTITY_BINDING_LOSS","dallas-tx","4829840","FIXED","home-identity-summary.json|home-browser-results.json"
"LP24449-0137","HOME_CHOICE_IDENTITY_BINDING_LOSS","mclennan-tx","4830092","FIXED","home-identity-summary.json|home-browser-results.json"
"LP24449-0138","HOME_CHOICE_IDENTITY_BINDING_LOSS","dallas-tx","4830464","FIXED","home-identity-summary.json|home-browser-results.json"
"LP24449-0139","HOME_CHOICE_IDENTITY_BINDING_LOSS","johnson-tx","4830464","FIXED","home-identity-summary.json|home-browser-results.json"
"LP24449-0140","HOME_CHOICE_IDENTITY_BINDING_LOSS","tarrant-tx","4830464","FIXED","home-identity-summary.json|home-browser-results.json"
"LP24449-0141","HOME_CHOICE_IDENTITY_BINDING_LOSS","dallas-tx","4830644","FIXED","home-identity-summary.json|home-browser-results.json"
"LP24449-0142","HOME_CHOICE_IDENTITY_BINDING_LOSS","denton-tx","4830644","FIXED","home-identity-summary.json|home-browser-results.json"
"LP24449-0143","HOME_CHOICE_IDENTITY_BINDING_LOSS","jones-tx","4831964","FIXED","home-identity-summary.json|home-browser-results.json"
"LP24449-0144","HOME_CHOICE_IDENTITY_BINDING_LOSS","swisher-tx","4832156","FIXED","home-identity-summary.json|home-browser-results.json"
"LP24449-0145","HOME_CHOICE_IDENTITY_BINDING_LOSS","denton-tx","4832720","FIXED","home-identity-summary.json|home-browser-results.json"
"LP24449-0146","HOME_CHOICE_IDENTITY_BINDING_LOSS","rockwall-tx","4832984","FIXED","home-identity-summary.json|home-browser-results.json"
"LP24449-0147","HOME_CHOICE_IDENTITY_BINDING_LOSS","denton-tx","4833020","FIXED","home-identity-summary.json|home-browser-results.json"
"LP24449-0148","HOME_CHOICE_IDENTITY_BINDING_LOSS","hamilton-tx","4833548","FIXED","home-identity-summary.json|home-browser-results.json"
"LP24449-0149","HOME_CHOICE_IDENTITY_BINDING_LOSS","starr-tx","4834133","FIXED","home-identity-summary.json|home-browser-results.json"
"LP24449-0150","HOME_MEMBERSHIP_WRONG_CONTEXT","starr-tx","4834133","FIXED","home-browser-results.json"
"LP24449-0151","WEATHER_WRONG_LOCALITY","starr-tx","4834133","FIXED","home-browser-results.json|weather-locality-recertification.json"
"LP24449-0152","HOME_MEMBERSHIP_WRONG_CONTEXT","starr-tx","4834133","FIXED","home-browser-results.json"
"LP24449-0153","HOME_MEMBERSHIP_WRONG_CONTEXT","starr-tx","4834133","FIXED","home-browser-results.json"
"LP24449-0154","HOME_CHOICE_IDENTITY_BINDING_LOSS","llano-tx","4834862","FIXED","home-identity-summary.json|home-browser-results.json"
"LP24449-0155","HOME_CHOICE_IDENTITY_BINDING_LOSS","fort-bend-tx","4835000","FIXED","home-identity-summary.json|home-browser-results.json"
"LP24449-0156","HOME_CHOICE_IDENTITY_BINDING_LOSS","harris-tx","4835000","FIXED","home-identity-summary.json|home-browser-results.json"
"LP24449-0157","HOME_CHOICE_IDENTITY_BINDING_LOSS","waller-tx","4835000","FIXED","home-identity-summary.json|home-browser-results.json"
"LP24449-0158","HOME_CHOICE_IDENTITY_BINDING_LOSS","morris-tx","4835300","FIXED","home-identity-summary.json|home-browser-results.json"
"LP24449-0159","HOME_CHOICE_IDENTITY_BINDING_LOSS","san-patricio-tx","4836008","FIXED","home-identity-summary.json|home-browser-results.json"
"LP24449-0160","HOME_CHOICE_IDENTITY_BINDING_LOSS","hunt-tx","4838068","FIXED","home-identity-summary.json|home-browser-results.json"
"LP24449-0161","HOME_CHOICE_IDENTITY_BINDING_LOSS","fort-bend-tx","4838476","FIXED","home-identity-summary.json|home-browser-results.json"
"LP24449-0162","HOME_CHOICE_IDENTITY_BINDING_LOSS","waller-tx","4838476","FIXED","home-identity-summary.json|home-browser-results.json"
"LP24449-0163","HOME_CHOICE_IDENTITY_BINDING_LOSS","rusk-tx","4839124","FIXED","home-identity-summary.json|home-browser-results.json"
"LP24449-0164","HOME_CHOICE_IDENTITY_BINDING_LOSS","travis-tx","4840264","FIXED","home-identity-summary.json|home-browser-results.json"
"LP24449-0165","HOME_MEMBERSHIP_WRONG_CONTEXT","travis-tx","4840264","FIXED","home-browser-results.json"
"LP24449-0166","WEATHER_WRONG_LOCALITY","travis-tx","4840264","FIXED","home-browser-results.json|weather-locality-recertification.json"
"LP24449-0167","HOME_MEMBERSHIP_WRONG_CONTEXT","travis-tx","4840264","FIXED","home-browser-results.json"
"LP24449-0168","HOME_MEMBERSHIP_WRONG_CONTEXT","travis-tx","4840264","FIXED","home-browser-results.json"
"LP24449-0169","HOME_CHOICE_IDENTITY_BINDING_LOSS","rusk-tx","4840468","FIXED","home-identity-summary.json|home-browser-results.json"
"LP24449-0170","HOME_CHOICE_IDENTITY_BINDING_LOSS","medina-tx","4840674","FIXED","home-identity-summary.json|home-browser-results.json"
"LP24449-0171","HOME_CHOICE_IDENTITY_BINDING_LOSS","tarrant-tx","4840744","FIXED","home-identity-summary.json|home-browser-results.json"
"LP24449-0172","HOME_MEMBERSHIP_WRONG_CONTEXT","tarrant-tx","4840744","FIXED","home-browser-results.json"
"LP24449-0173","WEATHER_WRONG_LOCALITY","tarrant-tx","4840744","FIXED","home-browser-results.json|weather-locality-recertification.json"
"LP24449-0174","HOME_MEMBERSHIP_WRONG_CONTEXT","tarrant-tx","4840744","FIXED","home-browser-results.json"
"LP24449-0175","HOME_MEMBERSHIP_WRONG_CONTEXT","tarrant-tx","4840744","FIXED","home-browser-results.json"
"LP24449-0176","HOME_CHOICE_IDENTITY_BINDING_LOSS","galveston-tx","4841980","FIXED","home-identity-summary.json|home-browser-results.json"
"LP24449-0177","HOME_CHOICE_IDENTITY_BINDING_LOSS","williamson-tx","4842016","FIXED","home-identity-summary.json|home-browser-results.json"
"LP24449-0178","HOME_CHOICE_IDENTITY_BINDING_LOSS","denton-tx","4842508","FIXED","home-identity-summary.json|home-browser-results.json"
"LP24449-0179","HOME_CHOICE_IDENTITY_BINDING_LOSS","reeves-tx","4842874","FIXED","home-identity-summary.json|home-browser-results.json"
"LP24449-0180","HOME_MEMBERSHIP_WRONG_CONTEXT","reeves-tx","4842874","FIXED","home-browser-results.json"
"LP24449-0181","WEATHER_WRONG_LOCALITY","reeves-tx","4842874","FIXED","home-browser-results.json|weather-locality-recertification.json"
"LP24449-0182","HOME_MEMBERSHIP_WRONG_CONTEXT","reeves-tx","4842874","FIXED","home-browser-results.json"
"LP24449-0183","HOME_MEMBERSHIP_WRONG_CONTEXT","reeves-tx","4842874","FIXED","home-browser-results.json"
"LP24449-0184","HOME_CHOICE_IDENTITY_BINDING_LOSS","starr-tx","4843463","FIXED","home-identity-summary.json|home-browser-results.json"
"LP24449-0185","HOME_MEMBERSHIP_WRONG_CONTEXT","starr-tx","4843463","FIXED","home-browser-results.json"
"LP24449-0186","WEATHER_WRONG_LOCALITY","starr-tx","4843463","FIXED","home-browser-results.json|weather-locality-recertification.json"
"LP24449-0187","HOME_MEMBERSHIP_WRONG_CONTEXT","starr-tx","4843463","FIXED","home-browser-results.json"
"LP24449-0188","HOME_MEMBERSHIP_WRONG_CONTEXT","starr-tx","4843463","FIXED","home-browser-results.json"
"LP24449-0189","HOME_CHOICE_IDENTITY_BINDING_LOSS","harrison-tx","4843888","FIXED","home-identity-summary.json|home-browser-results.json"
"LP24449-0190","SEARCH_PUBLICATION_FAILED","zapata-tx","4843960","FIXED","search-recertification.json|visible-search.json"
"LP24449-0191","HOME_CHOICE_IDENTITY_BINDING_LOSS","starr-tx","4844110","FIXED","home-identity-summary.json|home-browser-results.json"
"LP24449-0192","HOME_MEMBERSHIP_WRONG_CONTEXT","starr-tx","4844110","FIXED","home-browser-results.json"
"LP24449-0193","WEATHER_WRONG_LOCALITY","starr-tx","4844110","FIXED","home-browser-results.json|weather-locality-recertification.json"
"LP24449-0194","HOME_MEMBERSHIP_WRONG_CONTEXT","starr-tx","4844110","FIXED","home-browser-results.json"
"LP24449-0195","HOME_MEMBERSHIP_WRONG_CONTEXT","starr-tx","4844110","FIXED","home-browser-results.json"
"LP24449-0196","HOME_CHOICE_IDENTITY_BINDING_LOSS","cameron-tx","4844116","FIXED","home-identity-summary.json|home-browser-results.json"
"LP24449-0197","HOME_MEMBERSHIP_WRONG_CONTEXT","cameron-tx","4844116","FIXED","home-browser-results.json"
"LP24449-0198","WEATHER_WRONG_LOCALITY","cameron-tx","4844116","FIXED","home-browser-results.json|weather-locality-recertification.json"
"LP24449-0199","HOME_MEMBERSHIP_WRONG_CONTEXT","cameron-tx","4844116","FIXED","home-browser-results.json"
"LP24449-0200","HOME_MEMBERSHIP_WRONG_CONTEXT","cameron-tx","4844116","FIXED","home-browser-results.json"
"LP24449-0201","HOME_CHOICE_IDENTITY_BINDING_LOSS","shackelford-tx","4845048","FIXED","home-identity-summary.json|home-browser-results.json"
"LP24449-0202","HOME_CHOICE_IDENTITY_BINDING_LOSS","guadalupe-tx","4845096","FIXED","home-identity-summary.json|home-browser-results.json"
"LP24449-0203","HOME_CHOICE_IDENTITY_BINDING_LOSS","bexar-tx","4845288","FIXED","home-identity-summary.json|home-browser-results.json"
"LP24449-0204","HOME_CHOICE_IDENTITY_BINDING_LOSS","medina-tx","4845288","FIXED","home-identity-summary.json|home-browser-results.json"
"LP24449-0205","HOME_CHOICE_IDENTITY_BINDING_LOSS","kaufman-tx","4845324","FIXED","home-identity-summary.json|home-browser-results.json"
"LP24449-0206","HOME_CHOICE_IDENTITY_BINDING_LOSS","van-zandt-tx","4845324","FIXED","home-identity-summary.json|home-browser-results.json"
"LP24449-0207","HOME_CHOICE_IDENTITY_BINDING_LOSS","mclennan-tx","4845672","FIXED","home-identity-summary.json|home-browser-results.json"
"LP24449-0208","HOME_CHOICE_IDENTITY_BINDING_LOSS","rockwall-tx","4845804","FIXED","home-identity-summary.json|home-browser-results.json"
"LP24449-0209","HOME_CHOICE_IDENTITY_BINDING_LOSS","johnson-tx","4846452","FIXED","home-identity-summary.json|home-browser-results.json"
"LP24449-0210","HOME_CHOICE_IDENTITY_BINDING_LOSS","tarrant-tx","4846452","FIXED","home-identity-summary.json|home-browser-results.json"
"LP24449-0211","HOME_CHOICE_IDENTITY_BINDING_LOSS","mclennan-tx","4846824","FIXED","home-identity-summary.json|home-browser-results.json"
"LP24449-0212","SEARCH_PUBLICATION_FAILED","fort-bend-tx","4847337","FIXED","search-recertification.json|visible-search.json"
"LP24449-0213","HOME_CHOICE_IDENTITY_BINDING_LOSS","dallas-tx","4847892","FIXED","home-identity-summary.json|home-browser-results.json"
"LP24449-0214","HOME_CHOICE_IDENTITY_BINDING_LOSS","starr-tx","4847898","FIXED","home-identity-summary.json|home-browser-results.json"
"LP24449-0215","HOME_MEMBERSHIP_WRONG_CONTEXT","starr-tx","4847898","FIXED","home-browser-results.json"
"LP24449-0216","WEATHER_WRONG_LOCALITY","starr-tx","4847898","FIXED","home-browser-results.json|weather-locality-recertification.json"
"LP24449-0217","HOME_MEMBERSHIP_WRONG_CONTEXT","starr-tx","4847898","FIXED","home-browser-results.json"
"LP24449-0218","HOME_MEMBERSHIP_WRONG_CONTEXT","starr-tx","4847898","FIXED","home-browser-results.json"
"LP24449-0219","HOME_CHOICE_IDENTITY_BINDING_LOSS","midland-tx","4848072","FIXED","home-identity-summary.json|home-browser-results.json"
"LP24449-0220","HOME_CHOICE_IDENTITY_BINDING_LOSS","parker-tx","4848684","FIXED","home-identity-summary.json|home-browser-results.json"
"LP24449-0221","HOME_CHOICE_IDENTITY_BINDING_LOSS","fort-bend-tx","4848772","FIXED","home-identity-summary.json|home-browser-results.json"
"LP24449-0222","HOME_CHOICE_IDENTITY_BINDING_LOSS","fort-bend-tx","4848804","FIXED","home-identity-summary.json|home-browser-results.json"
"LP24449-0223","HOME_CHOICE_IDENTITY_BINDING_LOSS","winkler-tx","4848936","FIXED","home-identity-summary.json|home-browser-results.json"
"LP24449-0224","HOME_CHOICE_IDENTITY_BINDING_LOSS","liberty-tx","4849068","FIXED","home-identity-summary.json|home-browser-results.json"
"LP24449-0225","HOME_CHOICE_IDENTITY_BINDING_LOSS","harris-tx","4849380","FIXED","home-identity-summary.json|home-browser-results.json"
"LP24449-0226","HOME_CHOICE_IDENTITY_BINDING_LOSS","caldwell-tx","4850200","FIXED","home-identity-summary.json|home-browser-results.json"
"LP24449-0227","HOME_CHOICE_IDENTITY_BINDING_LOSS","travis-tx","4850200","FIXED","home-identity-summary.json|home-browser-results.json"
"LP24449-0228","HOME_CHOICE_IDENTITY_BINDING_LOSS","grimes-tx","4850472","FIXED","home-identity-summary.json|home-browser-results.json"
"LP24449-0229","HOME_CHOICE_IDENTITY_BINDING_LOSS","wise-tx","4850772","FIXED","home-identity-summary.json|home-browser-results.json"
"LP24449-0230","HOME_CHOICE_IDENTITY_BINDING_LOSS","guadalupe-tx","4850820","FIXED","home-identity-summary.json|home-browser-results.json"
"LP24449-0231","HOME_CHOICE_IDENTITY_BINDING_LOSS","denton-tx","4850920","FIXED","home-identity-summary.json|home-browser-results.json"
"LP24449-0232","HOME_CHOICE_IDENTITY_BINDING_LOSS","hays-tx","4851492","FIXED","home-identity-summary.json|home-browser-results.json"
"LP24449-0233","HOME_CHOICE_IDENTITY_BINDING_LOSS","wilson-tx","4851588","FIXED","home-identity-summary.json|home-browser-results.json"
"LP24449-0234","HOME_CHOICE_IDENTITY_BINDING_LOSS","madison-tx","4851840","FIXED","home-identity-summary.json|home-browser-results.json"
"LP24449-0235","HOME_CHOICE_IDENTITY_BINDING_LOSS","kaufman-tx","4853160","FIXED","home-identity-summary.json|home-browser-results.json"
"LP24449-0236","HOME_MEMBERSHIP_WRONG_CONTEXT","kaufman-tx","4853160","FIXED","home-browser-results.json"
"LP24449-0237","WEATHER_WRONG_LOCALITY","kaufman-tx","4853160","FIXED","home-browser-results.json|weather-locality-recertification.json"
"LP24449-0238","HOME_MEMBERSHIP_WRONG_CONTEXT","kaufman-tx","4853160","FIXED","home-browser-results.json"
"LP24449-0239","HOME_MEMBERSHIP_WRONG_CONTEXT","kaufman-tx","4853160","FIXED","home-browser-results.json"
"LP24449-0240","SEARCH_PUBLICATION_FAILED","hood-tx","4853212","FIXED","search-recertification.json|visible-search.json"
"LP24449-0241","HOME_CHOICE_IDENTITY_BINDING_LOSS","leon-tx","4853232","FIXED","home-identity-summary.json|home-browser-results.json"
"LP24449-0242","HOME_CHOICE_IDENTITY_BINDING_LOSS","midland-tx","4853388","FIXED","home-identity-summary.json|home-browser-results.json"
"LP24449-0243","HOME_CHOICE_IDENTITY_BINDING_LOSS","lynn-tx","4853436","FIXED","home-identity-summary.json|home-browser-results.json"
"LP24449-0244","HOME_CHOICE_IDENTITY_BINDING_LOSS","chambers-tx","4853824","FIXED","home-identity-summary.json|home-browser-results.json"
"LP24449-0245","HOME_CHOICE_IDENTITY_BINDING_LOSS","rusk-tx","4854432","FIXED","home-identity-summary.json|home-browser-results.json"
"LP24449-0246","HOME_CHOICE_IDENTITY_BINDING_LOSS","dallas-tx","4854444","FIXED","home-identity-summary.json|home-browser-results.json"
"LP24449-0247","HOME_CHOICE_IDENTITY_BINDING_LOSS","cameron-tx","4854748","FIXED","home-identity-summary.json|home-browser-results.json"
"LP24449-0248","HOME_MEMBERSHIP_WRONG_CONTEXT","cameron-tx","4854748","FIXED","home-browser-results.json"
"LP24449-0249","WEATHER_WRONG_LOCALITY","cameron-tx","4854748","FIXED","home-browser-results.json|weather-locality-recertification.json"
"LP24449-0250","HOME_MEMBERSHIP_WRONG_CONTEXT","cameron-tx","4854748","FIXED","home-browser-results.json"
"LP24449-0251","HOME_MEMBERSHIP_WRONG_CONTEXT","cameron-tx","4854748","FIXED","home-browser-results.json"
"LP24449-0252","HOME_CHOICE_IDENTITY_BINDING_LOSS","brazoria-tx","4856348","FIXED","home-identity-summary.json|home-browser-results.json"
"LP24449-0253","HOME_CHOICE_IDENTITY_BINDING_LOSS","fort-bend-tx","4856348","FIXED","home-identity-summary.json|home-browser-results.json"
"LP24449-0254","HOME_CHOICE_IDENTITY_BINDING_LOSS","wise-tx","4856462","FIXED","home-identity-summary.json|home-browser-results.json"
"LP24449-0255","HOME_CHOICE_IDENTITY_BINDING_LOSS","fannin-tx","4856468","FIXED","home-identity-summary.json|home-browser-results.json"
"LP24449-0256","HOME_CHOICE_IDENTITY_BINDING_LOSS","johnson-tx","4856498","FIXED","home-identity-summary.json|home-browser-results.json"
"LP24449-0257","HOME_CHOICE_IDENTITY_BINDING_LOSS","williamson-tx","4857176","FIXED","home-identity-summary.json|home-browser-results.json"
"LP24449-0258","HOME_CHOICE_IDENTITY_BINDING_LOSS","denton-tx","4857476","FIXED","home-identity-summary.json|home-browser-results.json"
"LP24449-0259","HOME_CHOICE_IDENTITY_BINDING_LOSS","grayson-tx","4857476","FIXED","home-identity-summary.json|home-browser-results.json"
"LP24449-0260","HOME_CHOICE_IDENTITY_BINDING_LOSS","orange-tx","4857608","FIXED","home-identity-summary.json|home-browser-results.json"
"LP24449-0261","HOME_MEMBERSHIP_WRONG_CONTEXT","orange-tx","4857608","FIXED","home-browser-results.json"
"LP24449-0262","WEATHER_WRONG_LOCALITY","orange-tx","4857608","FIXED","home-browser-results.json|weather-locality-recertification.json"
"LP24449-0263","HOME_MEMBERSHIP_WRONG_CONTEXT","orange-tx","4857608","FIXED","home-browser-results.json"
"LP24449-0264","HOME_MEMBERSHIP_WRONG_CONTEXT","orange-tx","4857608","FIXED","home-browser-results.json"
"LP24449-0265","HOME_CHOICE_IDENTITY_BINDING_LOSS","denton-tx","4858016","FIXED","home-identity-summary.json|home-browser-results.json"
"LP24449-0266","HOME_CHOICE_IDENTITY_BINDING_LOSS","kaufman-tx","4858502","FIXED","home-identity-summary.json|home-browser-results.json"
"LP24449-0267","HOME_CHOICE_IDENTITY_BINDING_LOSS","orange-tx","4858820","FIXED","home-identity-summary.json|home-browser-results.json"
"LP24449-0268","HOME_CHOICE_IDENTITY_BINDING_LOSS","san-patricio-tx","4858904","FIXED","home-identity-summary.json|home-browser-results.json"
"LP24449-0269","HOME_CHOICE_IDENTITY_BINDING_LOSS","denton-tx","4859696","FIXED","home-identity-summary.json|home-browser-results.json"
"LP24449-0270","HOME_CHOICE_IDENTITY_BINDING_LOSS","cameron-tx","4860544","FIXED","home-identity-summary.json|home-browser-results.json"
"LP24449-0271","HOME_MEMBERSHIP_WRONG_CONTEXT","cameron-tx","4860544","FIXED","home-browser-results.json"
"LP24449-0272","WEATHER_WRONG_LOCALITY","cameron-tx","4860544","FIXED","home-browser-results.json|weather-locality-recertification.json"
"LP24449-0273","HOME_MEMBERSHIP_WRONG_CONTEXT","cameron-tx","4860544","FIXED","home-browser-results.json"
"LP24449-0274","HOME_MEMBERSHIP_WRONG_CONTEXT","cameron-tx","4860544","FIXED","home-browser-results.json"
"LP24449-0275","HOME_CHOICE_IDENTITY_BINDING_LOSS","rusk-tx","4861508","FIXED","home-identity-summary.json|home-browser-results.json"
"LP24449-0276","HOME_CHOICE_IDENTITY_BINDING_LOSS","parker-tx","4861604","FIXED","home-identity-summary.json|home-browser-results.json"
"LP24449-0277","MULTICOUNTY_WRONG_MEMBERSHIP","parker-tx","4861604","FIXED","home-browser-results.json"
"LP24449-0278","MULTICOUNTY_WRONG_MEMBERSHIP","parker-tx","4861604","FIXED","home-browser-results.json"
"LP24449-0279","HOME_CHOICE_IDENTITY_BINDING_LOSS","tarrant-tx","4861604","FIXED","home-identity-summary.json|home-browser-results.json"
"LP24449-0280","MULTICOUNTY_WRONG_MEMBERSHIP","tarrant-tx","4861604","FIXED","home-browser-results.json"
"LP24449-0281","MULTICOUNTY_WRONG_MEMBERSHIP","tarrant-tx","4861604","FIXED","home-browser-results.json"
"LP24449-0282","HOME_CHOICE_IDENTITY_BINDING_LOSS","dallas-tx","4861796","FIXED","home-identity-summary.json|home-browser-results.json"
"LP24449-0283","SEARCH_PUBLICATION_FAILED","cooke-tx","4862486","FIXED","search-recertification.json|visible-search.json"
"LP24449-0284","HOME_CHOICE_IDENTITY_BINDING_LOSS","denton-tx","4862504","FIXED","home-identity-summary.json|home-browser-results.json"
"LP24449-0285","SEARCH_PUBLICATION_FAILED","randall-tx","4862834","FIXED","search-recertification.json|visible-search.json"
"LP24449-0286","HOME_CHOICE_IDENTITY_BINDING_LOSS","williamson-tx","4863500","FIXED","home-identity-summary.json|home-browser-results.json"
"LP24449-0287","HOME_CHOICE_IDENTITY_BINDING_LOSS","dallas-tx","4863572","FIXED","home-identity-summary.json|home-browser-results.json"
"LP24449-0288","HOME_CHOICE_IDENTITY_BINDING_LOSS","hunt-tx","4863668","FIXED","home-identity-summary.json|home-browser-results.json"
"LP24449-0289","HOME_CHOICE_IDENTITY_BINDING_LOSS","rockwall-tx","4863668","FIXED","home-identity-summary.json|home-browser-results.json"
"LP24449-0290","HOME_CHOICE_IDENTITY_BINDING_LOSS","dallas-tx","4864064","FIXED","home-identity-summary.json|home-browser-results.json"
"LP24449-0291","SEARCH_PUBLICATION_FAILED","bexar-tx","4864172","FIXED","search-recertification.json|visible-search.json"
"LP24449-0292","HOME_CHOICE_IDENTITY_BINDING_LOSS","san-patricio-tx","4864244","FIXED","home-identity-summary.json|home-browser-results.json"
"LP24449-0293","HOME_MEMBERSHIP_WRONG_CONTEXT","san-patricio-tx","4864244","FIXED","home-browser-results.json"
"LP24449-0294","WEATHER_WRONG_LOCALITY","san-patricio-tx","4864244","FIXED","home-browser-results.json|weather-locality-recertification.json"
"LP24449-0295","HOME_MEMBERSHIP_WRONG_CONTEXT","san-patricio-tx","4864244","FIXED","home-browser-results.json"
"LP24449-0296","HOME_MEMBERSHIP_WRONG_CONTEXT","san-patricio-tx","4864244","FIXED","home-browser-results.json"
"LP24449-0297","SEARCH_PUBLICATION_FAILED","starr-tx","4864316","FIXED","search-recertification.json|visible-search.json"
"LP24449-0298","SEARCH_PUBLICATION_FAILED","starr-tx","4864322","FIXED","search-recertification.json|visible-search.json"
"LP24449-0299","HOME_CHOICE_IDENTITY_BINDING_LOSS","comal-tx","4865000","FIXED","home-identity-summary.json|home-browser-results.json"
"LP24449-0300","HOME_CHOICE_IDENTITY_BINDING_LOSS","medina-tx","4865000","FIXED","home-identity-summary.json|home-browser-results.json"
"LP24449-0301","HOME_CHOICE_IDENTITY_BINDING_LOSS","jim-wells-tx","4865180","FIXED","home-identity-summary.json|home-browser-results.json"
"LP24449-0302","HOME_CHOICE_IDENTITY_BINDING_LOSS","denton-tx","4865408","FIXED","home-identity-summary.json|home-browser-results.json"
"LP24449-0303","HOME_CHOICE_IDENTITY_BINDING_LOSS","starr-tx","4865532","FIXED","home-identity-summary.json|home-browser-results.json"
"LP24449-0304","HOME_MEMBERSHIP_WRONG_CONTEXT","starr-tx","4865532","FIXED","home-browser-results.json"
"LP24449-0305","WEATHER_WRONG_LOCALITY","starr-tx","4865532","FIXED","home-browser-results.json|weather-locality-recertification.json"
"LP24449-0306","HOME_MEMBERSHIP_WRONG_CONTEXT","starr-tx","4865532","FIXED","home-browser-results.json"
"LP24449-0307","HOME_MEMBERSHIP_WRONG_CONTEXT","starr-tx","4865532","FIXED","home-browser-results.json"
"LP24449-0308","HOME_CHOICE_IDENTITY_BINDING_LOSS","guadalupe-tx","4865600","FIXED","home-identity-summary.json|home-browser-results.json"
"LP24449-0309","HOME_CHOICE_IDENTITY_BINDING_LOSS","hays-tx","4865600","FIXED","home-identity-summary.json|home-browser-results.json"
"LP24449-0310","HOME_CHOICE_IDENTITY_BINDING_LOSS","starr-tx","4865678","FIXED","home-identity-summary.json|home-browser-results.json"
"LP24449-0311","HOME_MEMBERSHIP_WRONG_CONTEXT","starr-tx","4865678","FIXED","home-browser-results.json"
"LP24449-0312","WEATHER_WRONG_LOCALITY","starr-tx","4865678","FIXED","home-browser-results.json|weather-locality-recertification.json"
"LP24449-0313","HOME_MEMBERSHIP_WRONG_CONTEXT","starr-tx","4865678","FIXED","home-browser-results.json"
"LP24449-0314","HOME_MEMBERSHIP_WRONG_CONTEXT","starr-tx","4865678","FIXED","home-browser-results.json"
"LP24449-0315","HOME_CHOICE_IDENTITY_BINDING_LOSS","cameron-tx","4865768","FIXED","home-identity-summary.json|home-browser-results.json"
"LP24449-0316","HOME_MEMBERSHIP_WRONG_CONTEXT","cameron-tx","4865768","FIXED","home-browser-results.json"
"LP24449-0317","WEATHER_WRONG_LOCALITY","cameron-tx","4865768","FIXED","home-browser-results.json|weather-locality-recertification.json"
"LP24449-0318","HOME_MEMBERSHIP_WRONG_CONTEXT","cameron-tx","4865768","FIXED","home-browser-results.json"
"LP24449-0319","HOME_MEMBERSHIP_WRONG_CONTEXT","cameron-tx","4865768","FIXED","home-browser-results.json"
"LP24449-0320","HOME_CHOICE_IDENTITY_BINDING_LOSS","comal-tx","4866128","FIXED","home-identity-summary.json|home-browser-results.json"
"LP24449-0321","HOME_CHOICE_IDENTITY_BINDING_LOSS","guadalupe-tx","4866128","FIXED","home-identity-summary.json|home-browser-results.json"
"LP24449-0322","HOME_CHOICE_IDENTITY_BINDING_LOSS","harris-tx","4866392","FIXED","home-identity-summary.json|home-browser-results.json"
"LP24449-0323","HOME_CHOICE_IDENTITY_BINDING_LOSS","dallas-tx","4866428","FIXED","home-identity-summary.json|home-browser-results.json"
"LP24449-0324","HOME_CHOICE_IDENTITY_BINDING_LOSS","comal-tx","4866704","FIXED","home-identity-summary.json|home-browser-results.json"
"LP24449-0325","HOME_CHOICE_IDENTITY_BINDING_LOSS","guadalupe-tx","4866704","FIXED","home-identity-summary.json|home-browser-results.json"
"LP24449-0326","HOME_CHOICE_IDENTITY_BINDING_LOSS","kaufman-tx","4866908","FIXED","home-identity-summary.json|home-browser-results.json"
"LP24449-0327","HOME_CHOICE_IDENTITY_BINDING_LOSS","harris-tx","4867688","FIXED","home-identity-summary.json|home-browser-results.json"
"LP24449-0328","HOME_CHOICE_IDENTITY_BINDING_LOSS","denton-tx","4869032","FIXED","home-identity-summary.json|home-browser-results.json"
"LP24449-0329","SEARCH_PUBLICATION_FAILED","harris-tx","4869272","FIXED","search-recertification.json|visible-search.json"
"LP24449-0330","HOME_CHOICE_IDENTITY_BINDING_LOSS","comal-tx","4869608","FIXED","home-identity-summary.json|home-browser-results.json"
"LP24449-0331","HOME_MEMBERSHIP_WRONG_CONTEXT","comal-tx","4869608","FIXED","home-browser-results.json"
"LP24449-0332","HOME_MEMBERSHIP_WRONG_CONTEXT","comal-tx","4869608","FIXED","home-browser-results.json"
"LP24449-0333","HOME_CHOICE_IDENTITY_BINDING_LOSS","wise-tx","4869800","FIXED","home-identity-summary.json|home-browser-results.json"
"LP24449-0334","HOME_CHOICE_IDENTITY_BINDING_LOSS","fort-bend-tx","4869908","FIXED","home-identity-summary.json|home-browser-results.json"
"LP24449-0335","HOME_CHOICE_IDENTITY_BINDING_LOSS","jones-tx","4869980","FIXED","home-identity-summary.json|home-browser-results.json"
"LP24449-0336","HOME_CHOICE_IDENTITY_BINDING_LOSS","navarro-tx","4870604","FIXED","home-identity-summary.json|home-browser-results.json"
"LP24449-0337","HOME_CHOICE_IDENTITY_BINDING_LOSS","starr-tx","4871274","FIXED","home-identity-summary.json|home-browser-results.json"
"LP24449-0338","HOME_MEMBERSHIP_WRONG_CONTEXT","starr-tx","4871274","FIXED","home-browser-results.json"
"LP24449-0339","WEATHER_WRONG_LOCALITY","starr-tx","4871274","FIXED","home-browser-results.json|weather-locality-recertification.json"
"LP24449-0340","HOME_MEMBERSHIP_WRONG_CONTEXT","starr-tx","4871274","FIXED","home-browser-results.json"
"LP24449-0341","HOME_MEMBERSHIP_WRONG_CONTEXT","starr-tx","4871274","FIXED","home-browser-results.json"
"LP24449-0342","HOME_CHOICE_IDENTITY_BINDING_LOSS","rusk-tx","4871924","FIXED","home-identity-summary.json|home-browser-results.json"
"LP24449-0343","HOME_CHOICE_IDENTITY_BINDING_LOSS","galveston-tx","4872392","FIXED","home-identity-summary.json|home-browser-results.json"
"LP24449-0344","HOME_CHOICE_IDENTITY_BINDING_LOSS","harris-tx","4872656","FIXED","home-identity-summary.json|home-browser-results.json"
"LP24449-0345","HOME_CHOICE_IDENTITY_BINDING_LOSS","williamson-tx","4872776","FIXED","home-identity-summary.json|home-browser-results.json"
"LP24449-0346","HOME_CHOICE_IDENTITY_BINDING_LOSS","harris-tx","4873316","FIXED","home-identity-summary.json|home-browser-results.json"
"LP24449-0347","HOME_CHOICE_IDENTITY_BINDING_LOSS","fannin-tx","4873592","FIXED","home-identity-summary.json|home-browser-results.json"
"LP24449-0348","HOME_CHOICE_IDENTITY_BINDING_LOSS","grayson-tx","4873592","FIXED","home-identity-summary.json|home-browser-results.json"
"LP24449-0349","HOME_CHOICE_IDENTITY_BINDING_LOSS","denton-tx","4873710","FIXED","home-identity-summary.json|home-browser-results.json"
"LP24449-0350","HOME_CHOICE_IDENTITY_BINDING_LOSS","cherokee-tx","4873724","FIXED","home-identity-summary.json|home-browser-results.json"
"LP24449-0351","HOME_CHOICE_IDENTITY_BINDING_LOSS","hays-tx","4874216","FIXED","home-identity-summary.json|home-browser-results.json"
"LP24449-0352","HOME_CHOICE_IDENTITY_BINDING_LOSS","guadalupe-tx","4874408","FIXED","home-identity-summary.json|home-browser-results.json"
"LP24449-0353","SEARCH_PUBLICATION_FAILED","dallas-tx","4874492","FIXED","search-recertification.json|visible-search.json"
"LP24449-0354","HOME_CHOICE_IDENTITY_BINDING_LOSS","mclennan-tx","4874732","FIXED","home-identity-summary.json|home-browser-results.json"
"LP24449-0355","SEARCH_PUBLICATION_FAILED","val-verde-tx","4874895","FIXED","search-recertification.json|visible-search.json"
"LP24449-0356","HOME_CHOICE_IDENTITY_BINDING_LOSS","grayson-tx","4874924","FIXED","home-identity-summary.json|home-browser-results.json"
"LP24449-0357","HOME_CHOICE_IDENTITY_BINDING_LOSS","johnson-tx","4875236","FIXED","home-identity-summary.json|home-browser-results.json"
"LP24449-0358","HOME_CHOICE_IDENTITY_BINDING_LOSS","waller-tx","4876228","FIXED","home-identity-summary.json|home-browser-results.json"
"LP24449-0359","HOME_CHOICE_IDENTITY_BINDING_LOSS","upshur-tx","4876576","FIXED","home-identity-summary.json|home-browser-results.json"
"LP24449-0360","HOME_CHOICE_IDENTITY_BINDING_LOSS","denton-tx","4877620","FIXED","home-identity-summary.json|home-browser-results.json"
"LP24449-0361","SEARCH_PUBLICATION_FAILED","harris-tx","4877956","FIXED","search-recertification.json|visible-search.json"
"LP24449-0362","HOME_CHOICE_IDENTITY_BINDING_LOSS","grayson-tx","4878628","FIXED","home-identity-summary.json|home-browser-results.json"
"LP24449-0363","HOME_CHOICE_IDENTITY_BINDING_LOSS","wichita-tx","4879000","FIXED","home-identity-summary.json|home-browser-results.json"
"LP24449-0364","HOME_CHOICE_IDENTITY_BINDING_LOSS","tyler-tx","4879204","FIXED","home-identity-summary.json|home-browser-results.json"
"LP24449-0365","HOME_CHOICE_IDENTITY_BINDING_LOSS","clay-tx","4879696","FIXED","home-identity-summary.json|home-browser-results.json"
"LP24449-0366","HOME_CHOICE_IDENTITY_BINDING_LOSS","wood-tx","4879816","FIXED","home-identity-summary.json|home-browser-results.json"
"LP24449-0367","HOME_CHOICE_IDENTITY_BINDING_LOSS","dallas-tx","4880356","FIXED","home-identity-summary.json|home-browser-results.json"
"LP24449-0368","HOME_CHOICE_IDENTITY_BINDING_LOSS","rockwall-tx","4880356","FIXED","home-identity-summary.json|home-browser-results.json"
"LP24449-0369","HOME_CHOICE_IDENTITY_BINDING_LOSS","dewitt-tx","4880560","FIXED","home-identity-summary.json|home-browser-results.json"
